date, pm25, pm10, o3, no2, so2, co, aqi
2021/5/2, 28, 14, , 3, , , 
2021/5/3, 27, 9, , 4, , , 
2021/5/4, 23, 11, , 4, , , 
2021/5/5, 26, 11, , 6, , , 
2021/5/6, 33, 14, , 7, , 1, 
2021/5/7, 33, 21, , 8, , 1, 
2021/5/8, 42, 16, , 6, , 2, 
2021/5/9, 33, 10, , 4, , 1, 
2021/5/10, 29, 12, , 4, , , 
2021/5/11, 36, 10, , 4, , , 
2021/5/12, 28, 9, , 7, , , 
2021/5/13, 33, 10, , 5, , 1, 
2021/5/14, 27, 12, , 4, , , 
2021/5/15, 24, 12, , 3, , , 
2021/5/16, 25, 6, , 3, , , 
2021/5/17, 21, 11, , 7, , , 
2021/5/18, 31, 12, , 8, , 1, 
2021/5/19, 29, 14, , 7, , , 
2021/5/20, 28, 8, , 2, , 1, 
2021/5/21, 15, , , , , , 
2021/4/2, 35, 9, , 5, , , 
2021/4/3, 21, 10, , 4, , , 
2021/4/4, 23, 12, , 6, , 1, 
2021/4/5, 28, 12, , 3, , , 
2021/4/6, 27, 12, , 3, , , 
2021/4/7, 24, , , , , , 
2021/4/11, 44, 16, , 2, , , 
2021/4/12, 36, 15, , 3, , , 
2021/4/13, 34, 97, , 4, , , 
2021/4/14, 61, 17, , 4, , , 
2021/4/15, 40, 9, , 4, , , 
2021/4/16, 19, 11, , 6, , , 
2021/4/17, 25, 8, , 2, , , 
2021/4/18, 20, 5, , 3, , , 
2021/4/19, 23, 11, , 7, , 1, 
2021/4/20, 43, 11, , 6, , , 
2021/4/21, 31, 11, , 6, , , 
2021/4/22, 27, 10, , 4, , , 
2021/4/23, 38, 8, , 6, , , 
2021/4/24, 23, 9, , 4, , 1, 
2021/4/25, 31, 7, , 3, , , 
2021/4/26, 29, 5, , 3, , , 
2021/4/27, 23, 9, , 7, , , 
2021/4/28, 28, 14, , 9, , 1, 
2021/4/29, 37, 13, , 10, , 2, 
2021/4/30, 42, 15, , 8, , 1, 
2021/5/1, 39, 17, , 3, , , 
2021/3/2, 19, 29, , 2, , , 
2021/3/3, 29, 27, , 3, , , 
2021/3/4, 28, 13, , 5, , , 
2021/3/5, 21, 11, , 4, , , 
2021/3/6, 11, , , , , , 
2021/3/8, 47, 12, , 1, , , 
2021/3/9, 34, 13, , 3, , , 
2021/3/10, 13, 24, , 6, , 1, 
2021/3/11, 19, 25, , 8, , 1, 
2021/3/12, 37, 13, , 11, , 1, 
2021/3/13, 27, 14, , 3, , , 
2021/3/14, 30, 9, , 1, , , 
2021/3/15, 22, 8, , 4, , 1, 
2021/3/16, 12, 6, , 4, , , 
2021/3/17, 14, 13, , 6, , , 
2021/3/18, 32, 14, , 4, , , 
2021/3/19, 27, 14, , 3, , , 
2021/3/20, 29, 18, , 2, , , 
2021/3/21, 43, 11, , 1, , , 
2021/3/22, 27, 15, , 7, , 1, 
2021/3/23, 33, 15, , 7, , 1, 
2021/3/24, 32, 13, , 4, , , 
2021/3/25, 28, 13, , 4, , , 
2021/3/26, 23, 12, , 6, , , 
2021/3/27, 21, 11, , 2, , , 
2021/3/28, 20, 7, , 2, , , 
2021/3/29, 17, 7, , 5, , , 
2021/3/30, 17, 8, , 6, , , 
2021/3/31, 25, 19, , 10, , 1, 
2021/4/1, 44, 20, , 10, , , 
2021/2/2, 25, 13, , 2, , , 
2021/2/3, 25, 13, , 4, , , 
2021/2/4, 27, 12, , 5, , , 
2021/2/5, 25, 14, , 3, , , 
2021/2/6, 22, 9, , 1, , , 
2021/2/7, 18, 9, , 1, , , 
2021/2/8, 20, 12, , 3, , , 
2021/2/9, 32, 10, , 4, , , 
2021/2/10, 25, 11, , 8, , , 
2021/2/11, 19, 17, , 8, , 1, 
2021/2/12, 22, 17, , 3, , , 
2021/2/13, 33, 9, , 1, , , 
2021/2/14, 16, 8, , 1, , , 
2021/2/15, 17, 13, , 6, , , 
2021/2/16, 23, 14, , 8, , 1, 
2021/2/17, 29, 9, , 5, , , 
2021/2/18, 20, 8, , 4, , , 
2021/2/19, 18, 15, , 6, , 1, 
2021/2/20, 26, 17, , 3, , , 
2021/2/21, 37, 10, , 1, , , 
2021/2/22, 22, 12, , 2, , , 
2021/2/23, 25, 16, , 2, , , 
2021/2/24, 27, 10, , 3, , , 
2021/2/25, 24, 8, , 4, , , 
2021/2/26, 11, 9, , 4, , , 
2021/2/27, 21, 15, , 4, , , 
2021/2/28, 23, 14, , 3, , 1, 
2021/3/1, 24, 10, , 3, , , 
2021/1/5, 24, 13, , 2, , , 
2021/1/6, 23, 9, , 2, , , 
2021/1/7, 14, 14, , 3, , , 
2021/1/8, 26, 17, , 6, , , 
2021/1/9, 39, 15, , 5, , , 
2021/1/10, 31, 9, , 3, , , 
2021/1/11, 17, 18, , 5, , , 
2021/1/12, 24, 18, , 2, , , 
2021/1/13, 40, 22, , 6, , , 
2021/1/14, 40, 14, , 3, , , 
2021/1/15, 25, 15, , 2, , , 
2021/1/16, 28, 13, , 1, , , 
2021/1/17, 23, 4, , 1, , , 
2021/1/18, 11, 9, , 2, , , 
2021/1/19, 16, 11, , 3, , , 
2021/1/20, 26, 19, , 6, , , 
2021/1/21, 39, 13, , 9, , , 
2021/1/22, 28, 11, , 8, , 1, 
2021/1/23, 24, 9, , 6, , , 
2021/1/24, 16, 12, , 4, , , 
2021/1/25, 25, 22, , 7, , 3, 
2021/1/26, 48, 13, , 1, , , 
2021/1/27, 30, 12, , 2, , , 
2021/1/28, 33, 13, , 5, , , 
2021/1/29, 29, 16, , 5, , 1, 
2021/1/30, 26, 9, , 1, , , 
2021/1/31, 25, 6, , 1, , , 
2021/2/1, 19, 11, , 4, , , 
2020/10/2, 39, 15, , 5, , 1, 
2020/10/3, 27, 16, , 4, , , 
2020/10/4, 28, 12, , 3, , , 
2020/10/5, 30, 9, , 1, , , 
2020/10/6, 17, 9, , 2, , , 
2020/10/7, 18, 7, , 5, , 1, 
2020/10/8, 16, 13, , 3, , , 
2020/10/9, 27, 8, , 7, , , 
2020/10/10, 17, 9, , 1, , , 
2020/10/11, 26, 11, , 3, , , 
2020/10/12, 22, 11, , 9, , 1, 
2020/10/13, 24, 18, , 8, , 1, 
2020/10/14, 26, 15, , 9, , 1, 
2020/10/15, 29, 14, , 7, , , 
2020/10/16, 18, 8, , 7, , 1, 
2020/10/17, 21, 12, , 1, , , 
2020/10/18, 26, 7, , 1, , , 
2020/10/19, 13, 6, , 4, , , 
2020/10/20, 14, 9, , 6, , 1, 
2020/10/21, 18, 14, , 7, , 1, 
2020/10/22, 23, 12, , 5, , 1, 
2020/10/23, 22, 11, , 6, , , 
2020/10/24, 23, 11, , 1, , , 
2020/10/25, 19, 13, , 1, , , 
2020/10/26, 20, 11, , 3, , , 
2020/10/27, 18, 8, , 5, , , 
2020/10/28, 21, 10, , 7, , 1, 
2020/10/29, 28, 14, , 4, , , 
2020/10/30, 23, 9, , 4, , , 
2020/10/31, 21, 10, , 1, , , 
2020/11/1, 20, 9, , 3, , 1, 
2020/11/2, 19, 9, , 5, , , 
2020/11/3, 21, 17, , 7, , , 
2020/11/4, 25, 16, , 4, , , 
2020/11/5, 30, 13, , 4, , , 
2020/11/6, 20, 10, , 4, , , 
2020/11/7, 12, 10, , 1, , , 
2020/11/8, 20, 13, , 1, , , 
2020/11/9, 21, 12, , 8, , , 
2020/11/10, 17, 25, , 5, , 1, 
2020/11/11, 32, 29, , 5, , , 
2020/11/12, 38, 12, , 4, , , 
2020/11/13, 19, 9, , 5, , , 
2020/11/14, 15, 9, , 2, , , 
2020/11/15, 16, 25, , 3, , , 
2020/11/16, 32, 24, , 4, , , 
2020/11/17, 43, 14, , 6, , , 
2020/11/18, 23, 17, , 8, , , 
2020/11/19, 20, 22, , 5, , , 
2020/11/20, 32, 20, , 4, , , 
2020/11/21, 41, 20, , 3, , , 
2020/11/22, 37, 17, , 4, , 1, 
2020/11/23, 28, 17, , 4, , , 
2020/11/24, 39, 8, , 5, , , 
2020/11/25, 13, 11, , 7, , , 
2020/11/26, 21, 17, , 6, , 1, 
2020/11/27, 27, 24, , 11, , 1, 
2020/11/28, 33, 17, , 4, , , 
2020/11/29, 34, 14, , 1, , , 
2020/11/30, 34, 13, , 5, , , 
2020/12/1, 20, 24, , 3, , , 
2020/12/2, 36, 21, , 4, , , 
2020/12/3, 33, 19, , 6, , , 
2020/12/4, 27, 15, , 7, , , 
2020/12/5, 26, 22, , 2, , , 
2020/12/6, 42, 16, , 1, , , 
2020/12/7, 29, 15, , 2, , , 
2020/12/8, 26, 16, , 4, , , 
2020/12/9, 29, 14, , 6, , , 
2020/12/10, 25, 12, , 3, , , 
2020/12/11, 26, 14, , 3, , , 
2020/12/12, 24, 23, , 2, , , 
2020/12/13, 33, 16, , 2, , , 
2020/12/14, 21, 12, , 6, , 1, 
2020/12/15, 16, 18, , 6, , , 
2020/12/16, 36, 13, , 4, , , 
2020/12/17, 27, 9, , 3, , , 
2020/12/18, 27, 7, , 2, , , 
2020/12/19, 14, 5, , 1, , , 
2020/12/20, 13, 7, , 2, , , 
2020/12/21, 15, 9, , 4, , , 
2020/12/22, 23, 8, , 3, , , 
2020/12/23, 19, 8, , 3, , , 
2020/12/24, 18, 7, , 3, , , 
2020/12/25, 21, 8, , 1, , , 
2020/12/26, 25, 8, , 4, , , 
2020/12/27, 21, 13, , 1, , , 
2020/12/28, 28, 11, , 1, , , 
2020/12/29, 17, 6, , 2, , , 
2020/12/30, 11, 7, , 2, , , 
2020/12/31, 15, 7, , 1, , , 
2021/1/1, 21, 14, , 3, , , 
2021/1/2, 30, 12, , 1, , , 
2021/1/3, 24, 7, , 1, , , 
2021/1/4, 16, 12, , 2, , , 
2020/7/3, 20, 12, , 5, , 1, 
2020/7/4, 21, 9, , 4, , 1, 
2020/7/5, 15, 8, , 2, , 1, 
2020/7/6, 20, 10, , 4, , , 
2020/7/7, 20, 8, , 3, , , 
2020/7/8, 16, 8, , 5, , 1, 
2020/7/9, 19, 8, , 6, , 1, 
2020/7/10, 22, 11, , 6, , 1, 
2020/7/11, 12, 9, , 3, , 1, 
2020/7/12, 24, 12, , 4, , 1, 
2020/7/13, 25, 19, , 8, , 2, 
2020/7/14, 56, 16, , 9, , 3, 
2020/7/15, 49, 11, , 7, , 2, 
2020/7/16, 25, 19, , 7, , 2, 
2020/7/17, 36, 10, , 5, , 1, 
2020/7/18, 20, 11, , 3, , , 
2020/7/19, 14, 20, , 2, , 1, 
2020/7/20, 43, 13, , 7, , 2, 
2020/7/21, 28, 13, , 8, , 2, 
2020/7/22, 32, 9, , 10, , 1, 
2020/7/23, 26, 9, , 4, , 1, 
2020/7/24, 18, 7, , 5, , , 
2020/7/25, 17, 17, , 7, , 3, 
2020/7/26, 30, 15, , 7, , 3, 
2020/7/27, 39, 18, , 6, , 1, 
2020/7/28, 36, 23, , 7, , 1, 
2020/7/29, 49, 21, , 8, , 2, 
2020/7/30, 36, 12, , 9, , 2, 
2020/7/31, 39, 18, , 8, , 1, 
2020/8/1, 42, 14, , 4, , 1, 
2020/8/2, 26, 17, , 5, , 2, 
2020/8/3, 37, 18, , 8, , 2, 
2020/8/4, 47, 14, , 6, , , 
2020/8/5, 25, 17, , 4, , , 
2020/8/6, 25, 10, , 3, , , 
2020/8/7, 24, 7, , 5, , 1, 
2020/8/8, 16, 4, , 4, , , 
2020/8/9, 10, 2, , 1, , , 
2020/8/10, 11, 5, , 2, , , 
2020/8/11, 18, 22, , 3, , , 
2020/8/12, 22, 12, , 6, , 1, 
2020/8/13, 19, 10, , 6, , 1, 
2020/8/14, 15, 9, , 5, , , 
2020/8/15, 19, 6, , 3, , , 
2020/8/16, 23, 12, , 3, , 1, 
2020/8/17, 26, 8, , 6, , , 
2020/8/18, 21, 14, , 6, , , 
2020/8/19, 30, 16, , 5, , , 
2020/8/20, 38, 15, , 6, , , 
2020/8/21, 22, 13, , 4, , , 
2020/8/22, 33, 13, , 1, , , 
2020/8/23, 29, 10, , 1, , , 
2020/8/24, 18, 9, , 6, , 1, 
2020/8/25, 26, 12, , 5, , , 
2020/8/26, 26, 8, , 5, , , 
2020/8/27, 13, 12, , 4, , 1, 
2020/8/28, 18, 14, , 9, , 1, 
2020/8/29, 40, 7, , 2, , , 
2020/8/30, 16, 23, , 1, , , 
2020/8/31, 32, 17, , 6, , , 
2020/9/1, 21, 11, , 3, , , 
2020/9/2, 13, 21, , 7, , , 
2020/9/3, 31, 19, , 5, , , 
2020/9/4, 39, 21, , 3, , , 
2020/9/5, 32, 26, , 2, , 1, 
2020/9/6, 35, 10, , 2, , , 
2020/9/7, 19, 19, , 3, , , 
2020/9/8, 25, 27, , 8, , 1, 
2020/9/9, 42, 17, , 2, , , 
2020/9/10, 29, 16, , 1, , , 
2020/9/11, 14, 19, , 7, , 1, 
2020/9/12, 23, 20, , 4, , 1, 
2020/9/13, 22, 10, , 2, , , 
2020/9/14, 36, 9, , 4, , , 
2020/9/15, 28, 14, , 8, , 1, 
2020/9/16, 22, 11, , 8, , , 
2020/9/17, 18, 10, , 1, , , 
2020/9/18, 20, 10, , 2, , , 
2020/9/19, 15, 9, , 2, , , 
2020/9/20, 19, 13, , 1, , , 
2020/9/21, 20, 25, , 4, , , 
2020/9/22, 30, 15, , 5, , , 
2020/9/23, 30, 11, , 5, , , 
2020/9/24, 20, 8, , 5, , , 
2020/9/25, 17, 12, , 4, , , 
2020/9/26, 21, 10, , 2, , , 
2020/9/27, 19, 7, , 1, , , 
2020/9/28, 18, 5, , 2, , , 
2020/9/29, 12, 7, , 4, , 1, 
2020/9/30, 15, 15, , 6, , 1, 
2020/10/1, 27, 22, , 6, , 1, 
2020/4/2, 24, 11, , 8, , , 
2020/4/3, 22, 15, , 6, , 1, 
2020/4/4, 24, 14, , 1, , , 
2020/4/5, 22, 11, , 1, , , 
2020/4/6, 16, 8, , 5, , , 
2020/4/7, 15, 8, , 4, , , 
2020/4/8, 14, 7, , 3, , , 
2020/4/9, 17, 11, , 7, , 1, 
2020/4/10, 19, 11, , 4, , , 
2020/4/11, 27, 19, , 1, , , 
2020/4/12, 38, 20, , 1, , , 
2020/4/13, 32, 18, , 2, , , 
2020/4/14, 28, 19, , 7, , 1, 
2020/4/15, 33, 17, , 6, , , 
2020/4/16, 18, 21, , 3, , 1, 
2020/4/17, 31, 8, , 4, , , 
2020/4/18, 16, 6, , 2, , , 
2020/4/19, 12, 6, , 2, , , 
2020/4/20, 17, 32, , 4, , , 
2020/4/21, 43, 26, , 5, , , 
2020/4/22, 33, 24, , 6, , , 
2020/4/23, 39, 11, , 6, , 1, 
2020/4/24, 27, 18, , 6, , 1, 
2020/4/25, 32, 8, , 3, , , 
2020/4/26, 17, 13, , 1, , , 
2020/4/27, 27, 17, , 3, , , 
2020/4/28, 26, 7, , , , , 
2020/4/29, 13, 9, , , , , 
2020/4/30, 21, 8, , , , , 
2020/5/1, 21, 12, , 3, , , 
2020/5/2, 17, 11, , 1, , , 
2020/5/3, 22, 16, , 2, , , 
2020/5/4, 27, 9, , 5, , 1, 
2020/5/5, 24, 14, , 5, , , 
2020/5/6, 24, 10, , 3, , , 
2020/5/7, 15, 31, , 5, , , 
2020/5/8, 32, 15, , 5, , , 
2020/5/9, 23, 11, , 1, , , 
2020/5/10, 22, 13, , 3, , 1, 
2020/5/11, 28, 10, , 6, , 1, 
2020/5/12, 25, 11, , 4, , , 
2020/5/13, 21, 10, , 4, , , 
2020/5/14, 24, 8, , 5, , , 
2020/5/15, 20, 11, , 5, , , 
2020/5/16, 28, 13, , 3, , 1, 
2020/5/17, 33, 14, , 3, , 1, 
2020/5/18, 37, 10, , 6, , 1, 
2020/5/19, 20, 13, , 4, , , 
2020/5/20, 17, 14, , 6, , 1, 
2020/5/21, 24, 14, , 7, , , 
2020/5/22, 27, 13, , 7, , 2, 
2020/5/23, 21, 7, , 4, , , 
2020/5/24, 15, 6, , 1, , , 
2020/5/25, 24, 7, , 3, , , 
2020/5/26, 40, 7, , 3, , , 
2020/5/27, 23, 10, , 4, , 1, 
2020/5/28, 16, 13, , 7, , 2, 
2020/5/29, 35, 7, , 5, , , 
2020/5/30, 22, 20, , 1, , , 
2020/5/31, 14, 12, , 2, , 1, 
2020/6/1, 21, 14, , 7, , , 
2020/6/2, 30, 12, , 9, , 2, 
2020/6/3, 19, 19, , 4, , 1, 
2020/6/4, 42, 22, , 8, , 2, 
2020/6/5, 41, 17, , 7, , 1, 
2020/6/6, 41, 20, , 5, , 2, 
2020/6/7, 56, 10, , 4, , 2, 
2020/6/8, 47, 13, , 6, , 1, 
2020/6/9, 30, 15, , 8, , 1, 
2020/6/10, 36, 14, , 11, , 3, 
2020/6/11, 31, 16, , 9, , 2, 
2020/6/12, 35, 8, , 4, , 1, 
2020/6/13, 20, 10, , 3, , 1, 
2020/6/14, 26, 16, , 2, , , 
2020/6/15, 27, 15, , 5, , 1, 
2020/6/16, 29, 15, , 5, , 1, 
2020/6/17, 27, 12, , 4, , 1, 
2020/6/18, 28, 7, , 3, , , 
2020/6/19, 12, 10, , 8, , , 
2020/6/20, 22, 10, , 3, , 1, 
2020/6/21, 17, 14, , 2, , , 
2020/6/22, 21, 10, , 3, , , 
2020/6/23, 18, 8, , 8, , , 
2020/6/24, 14, 5, , 2, , 1, 
2020/6/25, 26, , , , , , 
2020/1/2, 65, 20, , 6, , 1, 71
2020/1/3, 47, 28, , 8, , 1, 63
2020/1/4, 56, 26, , 1, , , 63
2020/1/5, 44, 11, , 2, , , 38
2020/1/6, 24, 17, , 5, , , 
2020/1/7, 25, 31, , 7, , 3, 
2020/1/8, 58, 31, , 9, , 4, 
2020/1/9, 82, 33, , 11, , 3, 
2020/1/10, 54, 46, , 6, , 3, 
2020/1/11, 75, 19, , 1, , , 
2020/1/12, 27, 14, , 2, , , 
2020/1/13, 16, 12, , 10, , , 
2020/1/14, 22, 18, , 12, , 1, 
2020/1/15, 24, 28, , 6, , 1, 
2020/1/16, 51, 15, , 3, , , 
2020/1/17, 24, 19, , 2, , , 
2020/1/18, 22, 24, , 4, , , 
2020/1/19, 34, 17, , 1, , 1, 
2020/1/20, 34, 14, , 4, , 1, 
2020/1/21, 28, 13, , 4, , , 
2020/1/22, 25, 20, , 6, , , 
2020/1/23, 25, 17, , 3, , , 
2020/1/24, 26, 19, , 5, , , 
2020/1/25, 19, 9, , 3, , , 
2020/1/26, 14, 7, , 2, , , 
2020/1/27, 13, 10, , 3, , , 
2020/1/28, 19, 15, , 10, , 1, 
2020/1/29, 30, 14, , 12, , 1, 
2020/1/30, 24, 17, , 11, , , 
2020/1/31, 24, 37, , 10, , 2, 
2020/2/1, 36, 8, , 3, , 1, 40
2020/2/2, 15, 12, , 2, , , 23
2020/2/3, 20, 14, , 3, , , 29
2020/2/4, 19, 16, , 3, , , 33
2020/2/5, 20, 18, , 5, , , 39
2020/2/6, 22, 19, , 6, , 1, 39
2020/2/7, 25, 25, , 8, , 2, 45
2020/2/8, 32, 36, , 2, , 2, 67
2020/2/9, 66, 34, , 1, , 1, 105
2020/2/10, 38, 28, , 8, , 1, 59
2020/2/11, 49, 17, , 5, , 1, 50
2020/2/12, 35, 6, , 3, , , 25
2020/2/13, 16, 11, , 7, , 1, 20
2020/2/14, 22, 7, , 5, , , 21
2020/2/15, 15, 5, , 1, , , 11
2020/2/16, 13, 9, , 2, , , 14
2020/2/17, 18, 16, , 10, , , 28
2020/2/18, 26, 16, , 4, , , 32
2020/2/19, 29, 22, , 4, , , 44
2020/2/20, 30, 16, , 3, , , 42
2020/2/21, 18, 9, , 2, , , 23
2020/2/22, 10, 12, , 3, , , 23
2020/2/23, 23, 11, , 6, , , 24
2020/2/24, 15, 37, , 11, , 1, 57
2020/2/25, 36, 18, , 7, , 1, 78
2020/2/26, 25, 13, , 4, , , 27
2020/2/27, 23, 17, , 5, , , 36
2020/2/28, 22, 9, , 4, , , 28
2020/2/29, 14, 9, , 5, , , 19
2020/3/1, 14, 11, , 5, , , 25
2020/3/2, 14, 17, , 2, , , 
2020/3/3, 23, 15, , , , , 
2020/3/4, 22, 16, , 6, , 1, 
2020/3/5, 26, 16, , 4, , , 
2020/3/6, 25, 12, , 4, , , 
2020/3/7, 15, 7, , 1, , , 
2020/3/8, 14, 10, , 1, , , 
2020/3/9, 15, 9, , 1, , , 
2020/3/10, 21, 14, , 7, , , 
2020/3/11, 18, 24, , 12, , 1, 
2020/3/12, 27, 13, , 7, , 1, 
2020/3/13, 18, 20, , 4, , , 
2020/3/14, 34, 21, , 1, , , 
2020/3/15, 18, 10, , 2, , , 
2020/3/17, 19, 16, , 8, , 1, 
2020/3/18, 21, 20, , 9, , 1, 
2020/3/19, 23, 20, , 5, , , 
2020/3/20, 21, 18, , 4, , , 
2020/3/21, 25, 11, , 3, , , 
2020/3/22, 20, 7, , 1, , , 
2020/3/23, 18, 15, , 3, , , 
2020/3/24, 20, 14, , 4, , , 
2020/3/25, 19, 10, , 2, , , 
2020/3/26, 11, 9, , 5, , , 
2020/3/27, 15, 18, , 12, , 1, 
2020/3/28, 27, 11, , 4, , , 
2020/3/29, 14, 13, , 2, , , 
2020/3/30, 23, , , , , , 
2019/10/2, 4, 11, , , , , 
2019/10/3, 8, 11, , , , , 
2019/10/4, 9, 12, , , , , 
2019/10/5, 9, 15, , , , , 
2019/10/6, 10, 11, , , , , 
2019/10/7, 9, 4, , , , , 
2019/10/8, 3, 9, , , , , 
2019/10/9, 6, 6, , , , , 
2019/10/10, 5, 4, , , , , 
2019/10/11, 5, 4, , , , , 
2019/10/12, 4, 4, , , , , 
2019/10/13, 5, 5, , , , , 
2019/10/14, 5, 10, , , , , 
2019/10/15, 8, 6, , , , , 
2019/10/16, 5, 6, , , , , 
2019/10/17, 4, 10, , , , , 
2019/10/18, 5, 31, , , , , 
2019/10/19, 8, 10, , , , , 
2019/10/20, 6, 19, , , , , 
2019/10/21, 7, 13, , , , , 
2019/10/22, 7, 16, , , , , 
2019/10/23, 8, 32, , , , , 
2019/10/24, 5, 26, , , , , 
2019/10/25, 6, 23, , , , , 
2019/10/26, 8, 14, , , , , 
2019/10/27, 8, 4, , , , , 
2019/10/28, 4, 4, , , , , 
2019/10/29, 5, 7, , , , , 
2019/10/30, 6, 8, , , , , 
2019/10/31, 6, 21, , , , , 
2019/11/1, 5, 28, , , , , 
2019/11/2, 11, , , , , , 
2019/11/5, 6, 13, , , , , 
2019/11/6, 6, 18, , , , , 
2019/11/7, 9, 16, , , , , 
2019/11/8, 5, 8, , , , , 
2019/11/9, 7, 8, , , , , 
2019/11/10, 5, 6, , , , , 
2019/11/11, 4, 9, , , , , 
2019/11/12, 5, 10, , , , , 
2019/11/13, 9, 7, , , , , 
2019/11/14, 5, 5, , , , , 
2019/11/15, 4, 6, , , , , 
2019/11/16, 5, 8, , , , , 
2019/11/17, 7, 6, , , , , 
2019/11/18, 5, 8, , , , , 
2019/11/19, 8, 11, , , , , 
2019/11/20, 9, 22, , , , , 
2019/11/21, 9, 32, , , , , 
2019/11/22, 16, 8, , , , , 
2019/11/23, 6, 8, , , , , 
2019/11/24, 6, 6, , , , , 
2019/11/25, 5, 9, , , , , 
2019/11/26, 5, 8, , , , , 
2019/11/27, 7, , , , , , 
2019/11/29, 7, 6, , , , , 
2019/11/30, 6, 6, , , , , 
2019/12/1, 5, 7, , , , , 
2019/12/2, 5, 8, , , , , 
2019/12/3, 6, 10, , , , , 
2019/12/4, 6, 9, , , , , 
2019/12/5, 7, 7, , , , , 
2019/12/6, 7, 6, , , , , 
2019/12/7, 6, 8, , , , , 
2019/12/8, 7, 6, , , , , 
2019/12/9, 4, 13, , , , , 
2019/12/10, 8, 5, , , , , 
2019/12/11, 4, 7, , , , , 
2019/12/12, 6, 5, , , , , 
2019/12/13, 5, 5, , , , , 
2019/12/14, 3, 6, , , , , 
2019/12/15, 5, 5, , , , , 
2019/12/16, 5, 7, , , , , 
2019/12/17, 5, 10, , , , , 
2019/12/18, 10, 9, , , , , 
2019/12/19, 6, 11, , , , , 
2019/12/20, 9, 35, , , , , 
2019/12/21, 22, 10, , , , , 
2019/12/22, 10, 20, , , , , 
2019/12/23, 29, 34, , , , , 
2019/12/24, 51, 18, , , , , 
2019/12/25, 24, 6, , , , , 
2019/12/26, 8, 8, , , , , 
2019/12/27, 12, 10, , , , , 
2019/12/28, 9, 14, , 4, , 1, 
2019/12/29, 38, 12, , 6, , 1, 
2019/12/30, 30, , , , , , 
2019/7/2, 5, 9, , , , , 
2019/7/3, 9, 7, , , , , 
2019/7/4, 8, 6, , , , , 
2019/7/5, 7, 6, , , , , 
2019/7/6, 7, 4, , , , , 
2019/7/7, 3, 5, , , , , 
2019/7/8, 7, 6, , , , , 
2019/7/9, 6, 6, , , , , 
2019/7/10, 4, 8, , , , , 
2019/7/11, 5, 12, , , , , 
2019/7/12, 9, 9, , , , , 
2019/7/13, 9, 7, , , , , 
2019/7/14, 6, 6, , , , , 
2019/7/15, 4, 4, , , , , 
2019/7/16, 4, 3, , , , , 
2019/7/17, 3, 5, , , , , 
2019/7/18, 4, 6, , , , , 
2019/7/19, 5, 5, , , , , 
2019/7/20, 5, 7, , , , , 
2019/7/21, 4, 11, , , , , 
2019/7/22, 7, 7, , , , , 
2019/7/23, 5, 9, , , , , 
2019/7/24, 7, 7, , , , , 
2019/7/25, 5, 4, , , , , 
2019/7/26, 6, 5, , , , , 
2019/7/27, 4, 5, , , , , 
2019/7/28, 6, 5, , , , , 
2019/7/29, 5, 4, , , , , 
2019/7/30, 4, 6, , , , , 
2019/7/31, 6, 4, , , , , 
2019/8/1, 5, 4, , , , , 
2019/8/2, 4, 5, , , , , 
2019/8/3, 5, 4, , , , , 
2019/8/4, 6, 3, , , , , 
2019/8/5, 5, 5, , , , , 
2019/8/6, 4, 7, , , , , 
2019/8/7, 4, 7, , , , , 
2019/8/8, 9, 9, , , , , 
2019/8/9, 7, 8, , , , , 
2019/8/10, 7, 6, , , , , 
2019/8/11, 4, 6, , , , , 
2019/8/12, 6, 6, , , , , 
2019/8/13, 6, 5, , , , , 
2019/8/14, 5, 5, , , , , 
2019/8/15, 6, 4, , , , , 
2019/8/16, 3, 6, , , , , 
2019/8/17, 5, 3, , , , , 
2019/8/18, 4, 6, , , , , 
2019/8/19, 7, 7, , , , , 
2019/8/20, 6, 7, , , , , 
2019/8/21, 5, 9, , , , , 
2019/8/22, 6, 6, , , , , 
2019/8/23, 5, 6, , , , , 
2019/8/24, 6, 6, , , , , 
2019/8/25, 6, 5, , , , , 
2019/8/26, 4, 5, , , , , 
2019/8/27, 6, 5, , , , , 
2019/8/28, 5, 7, , , , , 
2019/8/29, 7, 7, , , , , 
2019/8/30, 6, 5, , , , , 
2019/8/31, 4, 6, , , , , 
2019/9/1, 4, 7, , , , , 
2019/9/2, 7, 7, , , , , 
2019/9/3, 6, 8, , , , , 
2019/9/4, 10, 6, , , , , 
2019/9/5, 8, 8, , , , , 
2019/9/6, 7, 8, , , , , 
2019/9/7, 8, 6, , , , , 
2019/9/8, 4, 7, , , , , 
2019/9/9, 5, 11, , , , , 
2019/9/10, 8, 8, , , , , 
2019/9/11, 8, 8, , , , , 
2019/9/12, 7, 11, , , , , 
2019/9/13, 11, 8, , , , , 
2019/9/14, 7, 7, , , , , 
2019/9/15, 9, 6, , , , , 
2019/9/16, 5, 8, , , , , 
2019/9/17, 6, 7, , , , , 
2019/9/18, 5, 4, , , , , 
2019/9/19, 3, 22, , , , , 
2019/9/20, 6, 17, , , , , 
2019/9/21, 9, 5, , , , , 
2019/9/22, 5, 4, , , , , 
2019/9/23, 3, 6, , , , , 
2019/9/24, 5, 4, , , , , 
2019/9/25, 5, 5, , , , , 
2019/9/26, 4, 4, , , , , 
2019/9/27, 4, 7, , , , , 
2019/9/28, 6, 8, , , , , 
2019/9/29, 6, 7, , , , , 
2019/9/30, 6, 4, , , , , 
2019/10/1, 3, 6, , , , , 
2019/4/2, 5, 5, , , , , 
2019/4/3, 4, 8, , , , , 
2019/4/4, 4, 7, , , , , 
2019/4/5, 4, 23, , , , , 
2019/4/6, 9, 9, , , , , 
2019/4/7, 7, 9, , , , , 
2019/4/8, 6, 9, , , , , 
2019/4/9, 6, 8, , , , , 
2019/4/10, 6, 5, , , , , 
2019/4/11, 5, 6, , , , , 
2019/4/12, 5, 8, , , , , 
2019/4/13, 6, 9, , , , , 
2019/4/14, 7, 7, , , , , 
2019/4/15, 5, 10, , , , , 
2019/4/16, 5, 10, , , , , 
2019/4/17, 5, 11, , , , , 
2019/4/18, 6, , , , , , 
2019/4/28, 5, 8, , , , , 
2019/4/29, 6, 7, , , , , 
2019/4/30, 6, 13, , , , , 
2019/5/1, 4, 5, , , , , 
2019/5/2, 5, 4, , , , , 
2019/5/3, 6, 5, , , , , 
2019/5/4, 5, 4, , , , , 
2019/5/5, 4, 5, , , , , 
2019/5/6, 5, 7, , , , , 
2019/5/7, 7, 7, , , , , 
2019/5/8, 5, 7, , , , , 
2019/5/9, 5, 4, , , , , 
2019/5/10, 6, 7, , , , , 
2019/5/11, 5, 4, , , , , 
2019/5/12, 4, 5, , , , , 
2019/5/13, 5, 5, , , , , 
2019/5/14, 5, 7, , , , , 
2019/5/15, 8, 9, , , , , 
2019/5/16, 10, 7, , , , , 
2019/5/17, 12, 6, , , , , 
2019/5/18, 11, 5, , , , , 
2019/5/19, 8, 4, , , , , 
2019/5/20, 5, 7, , , , , 
2019/5/21, 9, 5, , , , , 
2019/5/22, 10, 8, , , , , 
2019/5/23, 9, 7, , , , , 
2019/5/24, 9, 8, , , , , 
2019/5/25, 6, 7, , , , , 
2019/5/26, 6, 6, , , , , 
2019/5/27, 4, 9, , , , , 
2019/5/28, 5, 6, , , , , 
2019/5/29, 4, 9, , , , , 
2019/5/30, 7, 9, , , , , 
2019/5/31, 7, 6, , , , , 
2019/6/1, 4, 5, , , , , 
2019/6/2, 7, 4, , , , , 
2019/6/3, 6, 7, , , , , 
2019/6/4, 5, 5, , , , , 
2019/6/5, 5, 6, , , , , 
2019/6/6, 7, 5, , , , , 
2019/6/7, 6, 6, , , , , 
2019/6/8, 6, 4, , , , , 
2019/6/9, 5, 3, , , , , 
2019/6/10, 4, 8, , , , , 
2019/6/11, 8, 7, , , , , 
2019/6/12, 5, 7, , , , , 
2019/6/13, 6, 9, , , , , 
2019/6/14, 6, 7, , , , , 
2019/6/15, 4, 6, , , , , 
2019/6/16, 6, 4, , , , , 
2019/6/17, 5, 9, , , , , 
2019/6/18, 5, 17, , , , , 
2019/6/19, 8, 14, , , , , 
2019/6/20, 7, 5, , , , , 
2019/6/21, 6, , , , , , 
2019/6/25, 4, 5, , , , , 
2019/6/26, 5, 6, , , , , 
2019/6/27, 6, 5, , , , , 
2019/6/28, 4, 6, , , , , 
2019/6/29, 4, 6, , , , , 
2019/6/30, 6, 6, , , , , 
2019/7/1, 4, 5, , , , , 
2019/1/2, 5, 17, , , , , 
2019/1/3, 5, 18, , , , , 
2019/1/4, 5, 25, , , , , 
2019/1/5, 10, 24, , , , , 
2019/1/6, 6, 13, , , , , 
2019/1/7, 4, 14, , , , , 
2019/1/8, 5, 14, , , , , 
2019/1/9, 4, 24, , , , , 
2019/1/10, 5, 25, , , , , 
2019/1/11, 4, 18, , , , , 
2019/1/12, 6, 20, , , , , 
2019/1/13, 7, 33, , , , , 
2019/1/14, 6, 43, , , , , 
2019/1/15, 8, 44, , , , , 
2019/1/16, 7, , , , , , 
2019/1/17, 8, 7, , , , , 
2019/1/18, 9, 9, , , , , 
2019/1/19, 9, 8, , , , , 
2019/1/20, 6, 5, , , , , 
2019/1/21, 4, 8, , , , , 
2019/1/22, 7, 11, , , , , 
2019/1/23, 8, 10, , , , , 
2019/1/24, 7, 11, , , , , 
2019/1/25, 6, 15, , , , , 
2019/1/26, 9, 7, , , , , 
2019/1/27, 6, 6, , , , , 
2019/1/28, 4, 9, , , , , 
2019/1/29, 6, 9, , , , , 
2019/1/30, 6, 9, , , , , 
2019/1/31, 5, 10, , , , , 
2019/2/1, 7, 10, , , , , 
2019/2/2, 4, 11, , , , , 
2019/2/3, 6, 14, , , , , 
2019/2/4, 9, 8, , , , , 
2019/2/5, 5, 8, , , , , 
2019/2/6, 6, 10, , , , , 
2019/2/7, 9, 9, , , , , 
2019/2/8, 10, 8, , , , , 
2019/2/9, 6, 9, , , , , 
2019/2/10, 7, 7, , , , , 
2019/2/11, 5, 6, , , , , 
2019/2/12, 5, 9, , , , , 
2019/2/13, 8, 9, , , , , 
2019/2/14, 5, 7, , , , , 
2019/2/15, 5, 7, , , , , 
2019/2/16, 6, 6, , , , , 
2019/2/17, 6, 5, , , , , 
2019/2/18, 4, 10, , , , , 
2019/2/19, 8, 9, , , , , 
2019/2/20, 6, 5, , , , , 
2019/2/21, 3, 7, , , , , 
2019/2/22, 7, 10, , , , , 
2019/2/23, 8, 7, , , , , 
2019/2/24, 5, 6, , , , , 
2019/2/25, 4, 13, , , , , 
2019/2/26, 6, 16, , , , , 
2019/2/27, 9, 16, , , , , 
2019/2/28, 10, 15, , , , , 
2019/3/1, 10, 16, , , , , 
2019/3/2, 10, 12, , , , , 
2019/3/3, 6, 16, , , , , 
2019/3/4, 13, 12, , , , , 
2019/3/5, 8, 5, , , , , 
2019/3/6, 4, 9, , , , , 
2019/3/7, 6, 8, , , , , 
2019/3/8, 4, 9, , , , , 
2019/3/9, 7, 5, , , , , 
2019/3/10, 4, 5, , , , , 
2019/3/11, 4, 5, , , , , 
2019/3/12, 5, 9, , , , , 
2019/3/13, 7, 12, , , , , 
2019/3/14, 6, 9, , , , , 
2019/3/15, 5, 6, , , , , 
2019/3/16, 4, 5, , , , , 
2019/3/17, 4, 8, , , , , 
2019/3/18, 7, 12, , , , , 
2019/3/19, 11, 12, , , , , 
2019/3/20, 9, 12, , , , , 
2019/3/21, 12, 7, , , , , 
2019/3/22, 6, 8, , , , , 
2019/3/23, 6, 6, , , , , 
2019/3/24, 5, 9, , , , , 
2019/3/25, 5, 11, , , , , 
2019/3/26, 8, 6, , , , , 
2019/3/27, 3, 6, , , , , 
2019/3/28, 4, 7, , , , , 
2019/3/29, 6, 9, , , , , 
2019/3/30, 8, 4, , , , , 
2019/3/31, 4, 5, , , , , 
2019/4/1, 4, 4, , , , , 
2018/10/2, 4, 8, , , , , 
2018/10/3, 4, 9, , , , , 
2018/10/4, 7, 7, , , , , 
2018/10/5, 5, 10, , , , , 
2018/10/6, 10, 9, , , , , 
2018/10/7, 10, 6, , , , , 
2018/10/8, 6, 9, , , , , 
2018/10/9, 7, , , , , , 
2018/10/12, 8, 4, , , , , 
2018/10/13, 4, 5, , , , , 
2018/10/14, 3, 6, , , , , 
2018/10/15, 4, 17, , , , , 
2018/10/16, 9, 5, , , , , 
2018/10/17, 4, 6, , , , , 
2018/10/18, 5, 6, , , , , 
2018/10/19, 7, 13, , , , , 
2018/10/20, 7, 11, , , , , 
2018/10/21, 7, 7, , , , , 
2018/10/22, 6, 8, , , , , 
2018/10/23, 6, 9, , , , , 
2018/10/24, 7, 7, , , , , 
2018/10/25, 5, 8, , , , , 
2018/10/26, 7, 7, , , , , 
2018/10/27, 5, 5, , , , , 
2018/10/28, 5, 12, , , , , 
2018/10/29, 6, 10, , , , , 
2018/10/30, 8, 9, , , , , 
2018/10/31, 9, 9, , , , , 
2018/11/1, 8, 11, , , , , 
2018/11/2, 7, 12, , , , , 
2018/11/3, 11, 10, , , , , 
2018/11/4, 8, 7, , , , , 
2018/11/5, 5, 7, , , , , 
2018/11/6, 6, 9, , , , , 
2018/11/7, 8, 7, , , , , 
2018/11/8, 4, 6, , , , , 
2018/11/9, 5, 6, , , , , 
2018/11/10, 5, 5, , , , , 
2018/11/11, 5, 6, , , , , 
2018/11/12, 3, 6, , , , , 
2018/11/13, 5, 7, , , , , 
2018/11/14, 8, 4, , , , , 
2018/11/15, 6, 8, , , , , 
2018/11/16, 6, 7, , , , , 
2018/11/17, 6, 5, , , , , 
2018/11/18, 4, 6, , , , , 
2018/11/19, 4, 14, , , , , 
2018/11/20, 6, 8, , , , , 
2018/11/21, 9, 11, , , , , 
2018/11/22, 4, 9, , , , , 
2018/11/23, 5, 7, , , , , 
2018/11/24, 5, 6, , , , , 
2018/11/25, 4, 5, , , , , 
2018/11/26, 5, 4, , , , , 
2018/11/27, 3, 5, , , , , 
2018/11/28, 5, 5, , , , , 
2018/11/29, 3, 5, , , , , 
2018/11/30, 4, 5, , , , , 
2018/12/1, 5, 11, , , , , 
2018/12/2, 5, 11, , , , , 
2018/12/3, 9, 6, , , , , 
2018/12/4, 4, 8, , , , , 
2018/12/5, 8, 6, , , , , 
2018/12/6, 4, 7, , , , , 
2018/12/7, 5, 15, , , , , 
2018/12/8, 7, 5, , , , , 
2018/12/9, 7, 7, , , , , 
2018/12/10, 6, 6, , , , , 
2018/12/11, 3, 8, , , , , 
2018/12/12, 5, 9, , , , , 
2018/12/13, 6, 12, , , , , 
2018/12/14, 8, 7, , , , , 
2018/12/15, 6, 8, , , , , 
2018/12/16, 7, 3, , , , , 
2018/12/17, 3, 5, , , , , 
2018/12/18, 3, 6, , , , , 
2018/12/19, 3, 6, , , , , 
2018/12/20, 4, 11, , , , , 
2018/12/21, 5, 10, , , , , 
2018/12/22, 4, 8, , , , , 
2018/12/23, 4, 5, , , , , 
2018/12/24, 3, 8, , , , , 
2018/12/25, 4, 7, , , , , 
2018/12/26, 5, 9, , , , , 
2018/12/27, 5, 13, , , , , 
2018/12/28, 6, 24, , , , , 
2018/12/29, 7, 21, , , , , 
2018/12/30, 5, 29, , , , , 
2018/12/31, 9, , , , , , 
2018/7/2, 7, 6, , , , , 
2018/7/3, 6, 5, , , , , 
2018/7/4, 4, 8, , , , , 
2018/7/5, 5, 8, , , , , 
2018/7/6, 5, 10, , , , , 
2018/7/7, 8, 12, , , , , 
2018/7/8, 10, 7, , , , , 
2018/7/9, 8, 5, , , , , 
2018/7/10, 5, 6, , , , , 
2018/7/11, 8, 7, , , , , 
2018/7/12, 7, 6, , , , , 
2018/7/13, 7, 7, , , , , 
2018/7/14, 8, 5, , , , , 
2018/7/15, 6, 5, , , , , 
2018/7/16, 4, 10, , , , , 
2018/7/17, 9, 12, , , , , 
2018/7/18, 9, 12, , , , , 
2018/7/19, 9, 6, , , , , 
2018/7/20, 6, 8, , , , , 
2018/7/21, 6, 5, , , , , 
2018/7/22, 5, 3, , , , , 
2018/7/23, 3, 10, , , , , 
2018/7/24, 8, 12, , , , , 
2018/7/25, 9, 11, , , , , 
2018/7/26, 10, 8, , , , , 
2018/7/27, 6, 9, , , , , 
2018/7/28, 8, 7, , , , , 
2018/7/29, 7, 10, , , , , 
2018/7/30, 8, 7, , , , , 
2018/7/31, 4, 10, , , , , 
2018/8/1, 8, 8, , , , , 
2018/8/2, 8, 13, , , , , 
2018/8/3, 8, 11, , , , , 
2018/8/4, 11, 4, , , , , 
2018/8/5, 3, 3, , , , , 
2018/8/6, 3, 6, , , , , 
2018/8/7, 6, 6, , , , , 
2018/8/8, 5, 11, , , , , 
2018/8/9, 10, 8, , , , , 
2018/8/10, 6, 5, , , , , 
2018/8/11, 4, 6, , , , , 
2018/8/12, 5, 6, , , , , 
2018/8/13, 5, 5, , , , , 
2018/8/14, 4, 6, , , , , 
2018/8/15, 6, 11, , , , , 
2018/8/16, 8, 8, , , , , 
2018/8/17, 7, 6, , , , , 
2018/8/18, 5, 9, , , , , 
2018/8/19, 8, 8, , , , , 
2018/8/20, 5, 7, , , , , 
2018/8/21, 6, 5, , , , , 
2018/8/22, 5, 5, , , , , 
2018/8/23, 6, 6, , , , , 
2018/8/24, 5, 5, , , , , 
2018/8/25, 4, 8, , , , , 
2018/8/26, 7, 7, , , , , 
2018/8/27, 9, 5, , , , , 
2018/8/28, 4, 5, , , , , 
2018/8/29, 4, 7, , , , , 
2018/8/30, 4, 10, , , , , 
2018/8/31, 5, 4, , , , , 
2018/9/1, 5, 5, , , , , 
2018/9/2, 7, 5, , , , , 
2018/9/3, 5, 4, , , , , 
2018/9/4, 4, 4, , , , , 
2018/9/5, 4, 5, , , , , 
2018/9/6, 4, 9, , , , , 
2018/9/7, 7, 7, , , , , 
2018/9/8, 6, 6, , , , , 
2018/9/9, 5, 7, , , , , 
2018/9/10, 6, 9, , , , , 
2018/9/11, 8, 16, , , , , 
2018/9/12, 9, 12, , , , , 
2018/9/13, 9, 8, , , , , 
2018/9/14, 9, 10, , , , , 
2018/9/15, 6, 9, , , , , 
2018/9/16, 8, 7, , , , , 
2018/9/17, 6, 6, , , , , 
2018/9/18, 5, 10, , , , , 
2018/9/19, 8, 7, , , , , 
2018/9/20, 5, 5, , , , , 
2018/9/21, 5, 6, , , , , 
2018/9/22, 6, 5, , , , , 
2018/9/23, 5, 8, , , , , 
2018/9/24, 9, 5, , , , , 
2018/9/25, 4, 7, , , , , 
2018/9/26, 5, 7, , , , , 
2018/9/27, 6, 7, , , , , 
2018/9/28, 6, 7, , , , , 
2018/9/29, 6, 5, , , , , 
2018/9/30, 4, 4, , , , , 
2018/10/1, 3, 5, , , , , 
2018/4/2, 9, 6, , , , , 
2018/4/3, 8, 4, , , , , 
2018/4/4, 8, 6, , , , , 
2018/4/5, 9, 9, , , , , 
2018/4/6, 12, 5, , , , , 
2018/4/7, 8, 8, , , , , 
2018/4/8, 9, 6, , , , , 
2018/4/9, 9, 11, , , , , 
2018/4/10, 10, 11, , , , , 
2018/4/11, 10, 23, , , , , 
2018/4/12, 15, 9, , , , , 
2018/4/13, 12, 10, , , , , 
2018/4/14, 10, 11, , , , , 
2018/4/15, 12, 5, , , , , 
2018/4/16, 8, 4, , , , , 
2018/4/17, 9, 10, , , , , 
2018/4/18, 10, 8, , , , , 
2018/4/19, 11, 7, , , , , 
2018/4/20, 9, 6, , , , , 
2018/4/21, 7, 6, , , , , 
2018/4/22, 8, 7, , , , , 
2018/4/23, 10, 7, , , , , 
2018/4/24, 8, 9, , , , , 
2018/4/25, 12, 7, , , , , 
2018/4/26, 8, 5, , , , , 
2018/4/27, 7, 7, , , , , 
2018/4/28, 7, 7, , , , , 
2018/4/29, 7, 4, , , , , 
2018/4/30, 7, 7, , , , , 
2018/5/1, 10, 11, , , , , 
2018/5/2, 12, 14, , , , , 
2018/5/3, 11, 6, , , , , 
2018/5/4, 10, 10, , , , , 
2018/5/5, 8, 8, , , , , 
2018/5/6, 11, 6, , , , , 
2018/5/7, 10, 9, , , , , 
2018/5/8, 8, 11, , , , , 
2018/5/9, 10, 8, , , , , 
2018/5/10, 8, 8, , , , , 
2018/5/11, 9, 7, , , , , 
2018/5/12, 6, 6, , , , , 
2018/5/13, 6, 5, , , , , 
2018/5/14, 9, 6, , , , , 
2018/5/15, 8, 8, , , , , 
2018/5/16, 11, 8, , , , , 
2018/5/17, 3, 4, , , , , 
2018/5/18, 2, 3, , , , , 
2018/5/19, 5, 5, , , , , 
2018/5/20, 7, 4, , , , , 
2018/5/21, 6, 5, , , , , 
2018/5/22, 3, 6, , , , , 
2018/5/23, 7, 5, , , , , 
2018/5/24, 6, 6, , , , , 
2018/5/25, 6, 6, , , , , 
2018/5/26, 6, 6, , , , , 
2018/5/27, 6, 5, , , , , 
2018/5/28, 5, 5, , , , , 
2018/5/29, 4, 11, , , , , 
2018/5/30, 7, 11, , , , , 
2018/5/31, 7, 11, , , , , 
2018/6/1, 10, 11, , , , , 
2018/6/2, 8, 9, , , , , 
2018/6/3, 9, 8, , , , , 
2018/6/4, 11, 8, , , , , 
2018/6/5, 11, 9, , , , , 
2018/6/6, 10, 5, , , , , 
2018/6/7, 4, 8, , , , , 
2018/6/8, 5, 5, , , , , 
2018/6/9, 7, 6, , , , , 
2018/6/10, 7, 3, , , , , 
2018/6/11, 5, 6, , , , , 
2018/6/12, 5, 8, , , , , 
2018/6/13, 7, 7, , , , , 
2018/6/14, 6, 11, , , , , 
2018/6/15, 8, 8, , , , , 
2018/6/16, 6, 6, , , , , 
2018/6/17, 6, 5, , , , , 
2018/6/18, 5, 7, , , , , 
2018/6/19, 5, 4, , , , , 
2018/6/20, 3, 7, , , , , 
2018/6/21, 7, 10, , , , , 
2018/6/22, 10, 8, , , , , 
2018/6/23, 9, 8, , , , , 
2018/6/24, 8, 9, , , , , 
2018/6/25, 13, 3, , , , , 
2018/6/26, 3, 5, , , , , 
2018/6/27, 5, 10, , , , , 
2018/6/28, 11, 9, , , , , 
2018/6/29, 10, 7, , , , , 
2018/6/30, 6, 9, , , , , 
2018/7/1, 8, 7, , , , , 
2018/1/2, 3, 4, , , , , 
2018/1/3, 4, 6, , , , , 
2018/1/4, 5, 6, , , , , 
2018/1/5, 6, 7, , , , , 
2018/1/6, 5, 8, , , , , 
2018/1/7, 5, 13, , , , , 
2018/1/8, 11, 8, , , , , 
2018/1/9, 6, 8, , , , , 
2018/1/10, 5, 11, , , , , 
2018/1/11, 8, 6, , , , , 
2018/1/12, 5, 9, , , , , 
2018/1/13, 8, 9, , , , , 
2018/1/14, 5, 6, , , , , 
2018/1/15, 5, 5, , , , , 
2018/1/16, 5, 10, , , , , 
2018/1/17, 8, 9, , , , , 
2018/1/18, 6, 7, , , , , 
2018/1/19, 5, 10, , , , , 
2018/1/20, 7, 10, , , , , 
2018/1/21, 9, 8, , , , , 
2018/1/22, 9, 9, , , , , 
2018/1/23, 7, 7, , , , , 
2018/1/24, 5, 9, , , , , 
2018/1/25, 6, 10, , , , , 
2018/1/26, 9, 5, , , , , 
2018/1/27, 5, 5, , , , , 
2018/1/28, 6, 7, , , , , 
2018/1/29, 6, 7, , , , , 
2018/1/30, 8, 10, , , , , 
2018/1/31, 5, 9, , , , , 
2018/2/1, 6, 9, , , , , 
2018/2/2, 5, 8, , , , , 
2018/2/3, 5, 7, , , , , 
2018/2/4, 6, 8, , , , , 
2018/2/5, 8, 9, , , , , 
2018/2/6, 7, 7, , , , , 
2018/2/7, 5, 11, , , , , 
2018/2/8, 7, 10, , , , , 
2018/2/9, 7, 10, , , , , 
2018/2/10, 7, 10, , , , , 
2018/2/11, 8, 10, , , , , 
2018/2/12, 6, 7, , , , , 
2018/2/13, 4, 9, , , , , 
2018/2/14, 6, 13, , , , , 
2018/2/15, 11, 11, , , , , 
2018/2/16, 7, 5, , , , , 
2018/2/17, 5, 5, , , , , 
2018/2/18, 4, 5, , , , , 
2018/2/19, 5, 6, , , , , 
2018/2/20, 6, 14, , , , , 
2018/2/21, 9, 13, , , , , 
2018/2/22, 7, 9, , , , , 
2018/2/23, 9, 10, , , , , 
2018/2/24, 9, 6, , , , , 
2018/2/25, 9, 5, , , , , 
2018/2/26, 7, 10, , , , , 
2018/2/27, 9, 14, , , , , 
2018/2/28, 7, 17, , , , , 
2018/3/1, 13, 9, , , , , 
2018/3/2, 7, 8, , , , , 
2018/3/3, 7, 7, , , , , 
2018/3/4, 9, 5, , , , , 
2018/3/5, 6, 8, , , , , 
2018/3/6, 6, 6, , , , , 
2018/3/7, 6, 12, , , , , 
2018/3/8, 11, 11, , , , , 
2018/3/9, 11, 10, , , , , 
2018/3/10, 7, 9, , , , , 
2018/3/11, 10, 11, , , , , 
2018/3/12, 16, 8, , , , , 
2018/3/13, 8, 6, , , , , 
2018/3/14, 6, 7, , , , , 
2018/3/15, 6, 7, , , , , 
2018/3/16, 7, 6, , , , , 
2018/3/17, 9, 9, , , , , 
2018/3/18, 7, 11, , , , , 
2018/3/19, 13, 7, , , , , 
2018/3/20, 7, 9, , , , , 
2018/3/21, 11, 9, , , , , 
2018/3/22, 8, 26, , , , , 
2018/3/23, 12, 9, , , , , 
2018/3/24, 13, 12, , , , , 
2018/3/25, 13, 11, , , , , 
2018/3/26, 13, 10, , , , , 
2018/3/27, 10, 10, , , , , 
2018/3/28, 10, 10, , , , , 
2018/3/29, 12, 6, , , , , 
2018/3/30, 8, 5, , , , , 
2018/3/31, 9, 5, , , , , 
2018/4/1, 9, 5, , , , , 
2017/10/2, 5, 4, , , , , 
2017/10/3, 5, 8, , , , , 
2017/10/4, 7, 11, , , , , 
2017/10/5, 4, 9, , , , , 
2017/10/6, 6, 7, , , , , 
2017/10/7, 4, 5, , , , , 
2017/10/8, 4, 6, , , , , 
2017/10/9, 6, 11, , , , , 
2017/10/10, 8, 7, , , , , 
2017/10/11, 5, 13, , , , , 
2017/10/12, 10, 12, , , , , 
2017/10/13, 7, 7, , , , , 
2017/10/14, 5, 6, , , , , 
2017/10/15, 4, 5, , , , , 
2017/10/16, 5, 8, , , , , 
2017/10/17, 8, 6, , , , , 
2017/10/18, 5, 8, , , , , 
2017/10/19, 5, 12, , , , , 
2017/10/20, 9, 17, , , , , 
2017/10/21, 7, 8, , , , , 
2017/10/22, 6, 4, , , , , 
2017/10/23, 3, 7, , , , , 
2017/10/24, 6, 7, , , , , 
2017/10/25, 5, 6, , , , , 
2017/10/26, 7, 8, , , , , 
2017/10/27, 7, 13, , , , , 
2017/10/28, 9, 8, , , , , 
2017/10/29, 6, 17, , , , , 
2017/10/30, 10, 9, , , , , 
2017/10/31, 7, 10, , , , , 
2017/11/1, 8, 11, , , , , 
2017/11/2, 8, 8, , , , , 
2017/11/3, 6, 8, , , , , 
2017/11/4, 5, 8, , , , , 
2017/11/5, 6, 6, , , , , 
2017/11/6, 5, 7, , , , , 
2017/11/7, 6, 7, , , , , 
2017/11/8, 4, 10, , , , , 
2017/11/9, 9, 6, , , , , 
2017/11/10, 7, 8, , , , , 
2017/11/11, 6, 8, , , , , 
2017/11/12, 6, 6, , , , , 
2017/11/13, 5, 9, , , , , 
2017/11/14, 6, 8, , , , , 
2017/11/15, 7, 6, , , , , 
2017/11/16, 6, 9, , , , , 
2017/11/17, 7, 5, , , , , 
2017/11/18, 5, 4, , , , , 
2017/11/19, 6, 6, , , , , 
2017/11/20, 4, 4, , , , , 
2017/11/21, 5, 5, , , , , 
2017/11/22, 4, 6, , , , , 
2017/11/23, 3, 3, , , , , 
2017/11/24, 9, 6, , , , , 
2017/11/25, 5, 8, , , , , 
2017/11/26, 8, 6, , , , , 
2017/11/27, 7, 7, , , , , 
2017/11/28, 5, 11, , , , , 
2017/11/29, 8, 9, , , , , 
2017/11/30, 6, 9, , , , , 
2017/12/1, 7, 5, , , , , 
2017/12/2, 7, 7, , , , , 
2017/12/3, 5, 5, , , , , 
2017/12/4, 4, 5, , , , , 
2017/12/5, 6, 5, , , , , 
2017/12/6, 5, 6, , , , , 
2017/12/7, 5, 7, , , , , 
2017/12/8, 6, 7, , , , , 
2017/12/9, 6, 5, , , , , 
2017/12/10, 4, 6, , , , , 
2017/12/11, 5, 7, , , , , 
2017/12/12, 7, 8, , , , , 
2017/12/13, 5, 8, , , , , 
2017/12/14, 6, 9, , , , , 
2017/12/15, 8, 8, , , , , 
2017/12/16, 8, 6, , , , , 
2017/12/17, 5, 7, , , , , 
2017/12/18, 6, 7, , , , , 
2017/12/19, 6, 13, , , , , 
2017/12/20, 12, 10, , , , , 
2017/12/21, 9, 8, , , , , 
2017/12/22, 6, 8, , , , , 
2017/12/23, 5, 5, , , , , 
2017/12/24, 4, 10, , , , , 
2017/12/25, 7, 7, , , , , 
2017/12/26, 5, 5, , , , , 
2017/12/27, 6, 7, , , , , 
2017/12/28, 6, 6, , , , , 
2017/12/29, 9, 7, , , , , 
2017/12/30, 9, 6, , , , , 
2017/12/31, 5, , , , , , 
2017/7/2, 6, 3, , , , , 
2017/7/3, 3, 4, , , , , 
2017/7/4, 3, 8, , , , , 
2017/7/5, 6, 8, , , , , 
2017/7/6, 5, 6, , , , , 
2017/7/7, 5, 7, , , , , 
2017/7/8, 6, 6, , , , , 
2017/7/9, 3, 5, , , , , 
2017/7/10, 5, 8, , , , , 
2017/7/11, 7, 7, , , , , 
2017/7/12, 8, 4, , , , , 
2017/7/13, 4, 6, , , , , 
2017/7/14, 4, 10, , , , , 
2017/7/15, 8, 7, , , , , 
2017/7/16, 7, 3, , , , , 
2017/7/17, 4, 8, , , , , 
2017/7/18, 7, 8, , , , , 
2017/7/19, 4, 10, , , , , 
2017/7/20, 7, 11, , , , , 
2017/7/21, 9, 6, , , , , 
2017/7/22, 5, 5, , , , , 
2017/7/23, 4, 8, , , , , 
2017/7/24, 8, 10, , , , , 
2017/7/25, 7, 7, , , , , 
2017/7/26, 7, 11, , , , , 
2017/7/27, 8, 8, , , , , 
2017/7/28, 7, 11, , , , , 
2017/7/29, 7, 6, , , , , 
2017/7/30, 5, 9, , , , , 
2017/7/31, 7, 5, , , , , 
2017/8/1, 6, 6, , , , , 
2017/8/2, 6, 3, , , , , 
2017/8/3, 4, 4, , , , , 
2017/8/4, 5, 7, , , , , 
2017/8/5, 7, 7, , , , , 
2017/8/6, 7, 10, , , , , 
2017/8/7, 6, 11, , , , , 
2017/8/8, 7, 8, , , , , 
2017/8/9, 10, 3, , , , , 
2017/8/10, 4, 11, , , , , 
2017/8/11, 8, 14, , , , , 
2017/8/12, 7, 9, , , , , 
2017/8/13, 8, 5, , , , , 
2017/8/14, 5, 7, , , , , 
2017/8/15, 6, 5, , , , , 
2017/8/16, 5, 15, , , , , 
2017/8/17, 10, 14, , , , , 
2017/8/18, 8, 10, , , , , 
2017/8/19, 6, 8, , , , , 
2017/8/20, 5, 3, , , , , 
2017/8/21, 2, 15, , , , , 
2017/8/22, 9, 8, , , , , 
2017/8/23, 7, 7, , , , , 
2017/8/24, 8, 8, , , , , 
2017/8/25, 5, 6, , , , , 
2017/8/26, 5, 7, , , , , 
2017/8/27, 4, 6, , , , , 
2017/8/28, 5, 6, , , , , 
2017/8/29, 7, 5, , , , , 
2017/8/30, 7, 8, , , , , 
2017/8/31, 8, 2, , , , , 
2017/9/1, 3, 5, , , , , 
2017/9/2, 4, 4, , , , , 
2017/9/3, 5, 9, , , , , 
2017/9/4, 6, 10, , , , , 
2017/9/5, 8, 8, , , , , 
2017/9/6, 6, 9, , , , , 
2017/9/7, 7, , , , , , 
2017/9/12, 6, 7, , , , , 
2017/9/13, 7, 9, , , , , 
2017/9/14, 6, 9, , , , , 
2017/9/15, 6, 8, , , , , 
2017/9/16, 6, 9, , , , , 
2017/9/17, 6, 5, , , , , 
2017/9/18, 4, 12, , , , , 
2017/9/19, 9, 8, , , , , 
2017/9/20, 6, 6, , , , , 
2017/9/21, 5, 10, , , , , 
2017/9/22, 9, 10, , , , , 
2017/9/23, 8, 13, , , , , 
2017/9/24, 9, 15, , , , , 
2017/9/25, 10, 8, , , , , 
2017/9/26, 6, 8, , , , , 
2017/9/27, 10, 9, , , , , 
2017/9/28, 5, 7, , , , , 
2017/9/29, 6, 6, , , , , 
2017/9/30, 5, 8, , , , , 
2017/10/1, 6, 7, , , , , 
2017/4/2, 5, 6, , , , , 
2017/4/3, 4, 4, , , , , 
2017/4/4, 4, 10, , , , , 
2017/4/5, 11, 9, , , , , 
2017/4/6, 8, 11, , , , , 
2017/4/7, 11, 8, , , , , 
2017/4/8, 8, 6, , , , , 
2017/4/9, 7, 9, , , , , 
2017/4/10, 5, 5, , , , , 
2017/4/11, 4, 3, , , , , 
2017/4/12, 4, 6, , , , , 
2017/4/13, 7, 8, , , , 1, 
2017/4/14, 8, 5, , , , , 
2017/4/15, 5, 6, , , , , 
2017/4/16, 5, 6, , , , , 
2017/4/17, 5, 5, , , , , 
2017/4/18, 5, 8, , , , , 
2017/4/19, 7, 9, , , , , 
2017/4/20, 9, 4, , , , , 
2017/4/21, 7, 5, , , , , 
2017/4/22, 6, 4, , , , , 
2017/4/23, 5, 4, , , , , 
2017/4/24, 5, 5, , , , , 
2017/4/25, 10, 6, , , , , 
2017/4/26, 6, 9, , , , , 
2017/4/27, 5, 5, , , , , 
2017/4/28, 6, 3, , , , , 
2017/4/29, 6, 3, , , , , 
2017/4/30, 4, 4, , , , , 
2017/5/1, 3, 8, , , , , 
2017/5/2, 8, 7, , , , , 
2017/5/3, 4, 7, , , , , 
2017/5/4, 8, 9, , , , , 
2017/5/5, 23, 11, , , , , 
2017/5/6, 16, 9, , , , , 
2017/5/7, 11, 8, , , , , 
2017/5/8, 8, 6, , , , , 
2017/5/9, 7, 7, , , , , 
2017/5/10, 12, 10, , , , , 
2017/5/11, 9, 13, , , , , 
2017/5/12, 15, 9, , , , , 
2017/5/13, 13, 8, , , , , 
2017/5/14, 11, 9, , , , , 
2017/5/15, 13, 13, , , , , 
2017/5/16, 14, 11, , , , , 
2017/5/17, 10, 4, , , , , 
2017/5/18, 10, 7, , , , , 
2017/5/19, 7, 8, , , , , 
2017/5/20, 11, 8, , , , , 
2017/5/21, 10, 5, , , , , 
2017/5/22, 7, 6, , , , , 
2017/5/23, 4, 9, , , , , 
2017/5/24, 7, 13, , , , , 
2017/5/25, 7, 9, , , , , 
2017/5/26, 7, 11, , , , , 
2017/5/27, 9, 5, , , , , 
2017/5/28, 5, 8, , , , , 
2017/5/29, 4, 5, , , , , 
2017/5/30, 7, 10, , , , , 
2017/5/31, 4, 8, , , , , 
2017/6/1, 6, 8, , , , , 
2017/6/2, 10, 10, , , , , 
2017/6/3, 11, 7, , , , , 
2017/6/4, 9, 8, , , , , 
2017/6/5, 11, 9, , , , , 
2017/6/6, 13, 12, , , , , 
2017/6/7, 8, 15, , , , , 
2017/6/8, 12, 11, , , , , 
2017/6/9, 11, 9, , , , , 
2017/6/10, 8, 7, , , , , 
2017/6/11, 10, 6, , , , , 
2017/6/12, 9, 6, , , , , 
2017/6/13, 9, 10, , , , , 
2017/6/14, 11, 9, , , , , 
2017/6/15, 8, 8, , , , , 
2017/6/16, 8, 7, , , , , 
2017/6/17, 10, 8, , , , , 
2017/6/18, 12, 9, , , , , 
2017/6/19, 16, 7, , , , , 
2017/6/20, 9, 7, , , , , 
2017/6/21, 7, 8, , , , , 
2017/6/22, 11, 7, , , , , 
2017/6/23, 6, 9, , , , , 
2017/6/24, 10, 9, , , , , 
2017/6/25, 13, 8, , , , , 
2017/6/26, 12, 5, , , , , 
2017/6/27, 7, 7, , , , , 
2017/6/28, 7, 6, , , , , 
2017/6/29, 9, 8, , , , , 
2017/6/30, 8, 10, , , , , 
2017/7/1, 9, 5, , , , , 
2017/1/3, 16, 9, , 6, , , 
2017/1/4, 27, 17, , 8, , 1, 
2017/1/5, 31, 19, , 4, , 1, 
2017/1/6, 29, 13, , 7, , 1, 
2017/1/7, 37, 12, , 4, , 1, 
2017/1/8, 32, 19, , 2, , 1, 
2017/1/9, 44, 20, , 6, , 1, 
2017/1/10, 38, 17, , 6, , 1, 
2017/1/11, 32, 14, , 6, , 1, 
2017/1/12, 31, 15, , 8, , 1, 
2017/1/13, 26, 22, , 5, , 1, 
2017/1/14, 46, 25, , 2, , , 
2017/1/15, 41, 11, , 2, , , 
2017/1/16, 32, 15, , 11, , 1, 
2017/1/17, 41, 15, , 12, , 1, 
2017/1/18, 32, 15, , 4, , 1, 
2017/1/19, 29, 18, , 4, , 1, 
2017/1/20, 35, 11, , 5, , 1, 
2017/1/21, 33, 7, , 2, , , 
2017/1/22, 21, 7, , 4, , , 
2017/1/23, 27, 8, , 8, , 2, 
2017/1/24, 30, 20, , 4, , 1, 
2017/1/25, 40, 18, , 6, , 1, 
2017/1/26, 29, , , , , , 
2017/1/31, 32, 18, , 5, , , 
2017/2/1, 38, 18, , 5, , 1, 
2017/2/2, 35, 11, , 5, , 1, 
2017/2/3, 31, 15, , 7, , 1, 
2017/2/4, 39, 14, , 6, , 2, 
2017/2/5, 36, 5, , 4, , 2, 
2017/2/6, 23, 7, , 3, , 1, 
2017/2/7, 25, 13, , 4, , 1, 
2017/2/8, 30, 17, , 8, , 1, 
2017/2/9, 32, 22, , 15, , 3, 
2017/2/10, 35, 20, , 13, , 3, 
2017/2/11, 48, 15, , 5, , 1, 
2017/2/12, 31, 18, , 3, , , 
2017/2/13, 34, 15, , 4, , , 
2017/2/14, 22, 9, , 5, , 1, 
2017/2/15, 22, 12, , 6, , 1, 
2017/2/16, 25, 18, , 5, , 1, 
2017/2/17, 29, 14, , 5, , 1, 
2017/2/18, 28, 18, , 3, , , 
2017/2/19, 26, 8, , 2, , , 
2017/2/20, 24, 15, , 5, , , 
2017/2/21, 22, 16, , 7, , 1, 
2017/2/22, 29, 20, , 5, , 1, 
2017/2/23, 25, 15, , 6, , 1, 
2017/2/24, 24, 22, , 5, , 1, 
2017/2/25, 32, 14, , 2, , , 
2017/2/26, 24, 20, , 4, , 1, 
2017/2/27, 35, 23, , 12, , 2, 
2017/2/28, 43, 16, , 8, , 1, 
2017/3/1, 29, 17, , 11, , 1, 
2017/3/2, 26, 22, , 11, , 2, 
2017/3/3, 34, 20, , 7, , 1, 
2017/3/4, 30, 18, , 6, , 1, 
2017/3/5, 35, 15, , 3, , 1, 
2017/3/6, 31, 16, , 5, , 1, 
2017/3/7, 27, 26, , 10, , 1, 
2017/3/8, 36, 22, , 11, , 1, 
2017/3/9, 31, 23, , 11, , 2, 
2017/3/10, 36, 19, , 11, , 1, 
2017/3/11, 28, 15, , 6, , 1, 
2017/3/12, 25, 15, , 2, , 1, 
2017/3/13, 22, 10, , 3, , 1, 
2017/3/14, 23, 16, , 12, , 2, 
2017/3/15, 34, 13, , 11, , 1, 
2017/3/16, 19, 28, , 5, , , 
2017/3/17, 37, 21, , 6, , 1, 
2017/3/18, 26, 19, , 8, , 1, 
2017/3/19, 26, 16, , 6, , 1, 
2017/3/20, 22, 14, , 8, , 3, 
2017/3/21, 29, 11, , 6, , 1, 
2017/3/22, 27, 13, , 5, , 1, 
2017/3/23, 22, 12, , 6, , , 
2017/3/24, 24, 12, , , , , 
2017/3/25, 23, 16, , , , , 
2017/3/26, 31, 12, , , , , 
2017/3/27, 21, 26, , , , , 
2017/3/28, 34, 25, , 10, , , 
2017/3/29, 40, 24, , 7, , , 
2017/3/30, 40, 15, , 6, , , 
2017/3/31, 18, 14, , 7, , , 
2017/4/1, 18, 6, , , , , 
2016/10/2, 6, 7, , , , , 
2016/10/3, 10, 9, , , , , 
2016/10/4, 9, 12, , , , , 
2016/10/5, 12, 9, , , , , 
2016/10/6, 9, 6, , , , , 
2016/10/7, 7, 7, , , , , 
2016/10/8, 8, 5, , , , , 
2016/10/9, 7, 8, , , , , 
2016/10/10, 9, 12, , , , , 
2016/10/11, 12, 6, , , , , 
2016/10/12, 5, 4, , , , , 
2016/10/13, 5, 6, , , , , 
2016/10/14, 6, 5, , , , , 
2016/10/15, 6, 6, , , , , 
2016/10/16, 5, 6, , , , , 
2016/10/17, 9, 7, , , , , 
2016/10/18, 7, , , , , , 
2016/10/20, 9, 9, , , , , 
2016/10/21, 7, 8, , , , , 
2016/10/22, 9, 6, , , , , 
2016/10/23, 6, 5, , , , , 
2016/10/24, 6, 4, , , , , 
2016/10/25, 7, 6, , , , , 
2016/10/26, 4, 7, , , , , 
2016/10/27, 9, 8, , , , , 
2016/10/28, 6, 8, , , , , 
2016/10/29, 10, 5, , , , , 
2016/10/30, 6, 15, , , , , 
2016/10/31, 12, 8, , , , , 
2016/11/1, 7, 5, , , , , 
2016/11/2, 6, 6, , , , , 
2016/11/3, 6, 7, , , , , 
2016/11/4, 7, 8, , , , , 
2016/11/5, 10, 17, , , , , 
2016/11/6, 18, 10, , , , , 
2016/11/7, 11, 8, , , , , 
2016/11/8, 8, 9, , , , , 
2016/11/9, 8, 6, , , , , 
2016/11/10, 9, 6, , , , , 
2016/11/11, 5, 8, , , , , 
2016/11/12, 8, 8, , , , , 
2016/11/13, 7, 7, , , , , 
2016/11/14, 7, 5, , , , , 
2016/11/15, 7, 3, , , , , 
2016/11/16, 6, 6, , , , , 
2016/11/17, 6, 6, , , , , 
2016/11/18, 5, 11, , , , , 
2016/11/19, 14, 7, , , , , 
2016/11/20, 11, 7, , , , , 
2016/11/21, 11, 8, , , , , 
2016/11/22, 10, 9, , , , , 
2016/11/23, 11, 7, , , , , 
2016/11/24, 8, 6, , , , , 
2016/11/25, 5, 7, , , , , 
2016/11/26, 7, 5, , , , , 
2016/11/27, 7, 6, , , , , 
2016/11/28, 7, 6, , , , , 
2016/11/29, 9, 7, , , , , 
2016/11/30, 6, 7, , , , , 
2016/12/1, 10, 7, , , , , 
2016/12/2, 10, 9, , , , , 
2016/12/3, 9, 8, , , , , 
2016/12/4, 10, 7, , , , , 
2016/12/5, 8, 12, , , , , 
2016/12/6, 13, 11, , , , , 
2016/12/7, 10, 10, , , , , 
2016/12/8, 8, 16, , , , , 
2016/12/9, 13, 10, , , , , 
2016/12/10, 10, 7, , , , , 
2016/12/11, 7, 4, , , , , 
2016/12/12, 7, 8, , , , , 
2016/12/13, 8, 10, , , , , 
2016/12/14, 9, 11, , , , , 
2016/12/15, 9, 10, , , , , 
2016/12/16, 7, 11, , , , , 
2016/12/17, 11, 10, , , , , 
2016/12/18, 11, 7, , , , , 
2016/12/19, 7, 6, , , , , 
2016/12/20, 7, 10, , , , , 
2016/12/21, 10, 6, , , , , 
2016/12/22, 8, 6, , , , , 
2016/12/23, 7, 7, , , , , 
2016/12/24, 8, 11, , , , , 
2016/12/25, 11, 5, , , , , 
2016/12/26, 8, 4, , , , , 
2016/12/27, 10, 3, , , , , 
2016/12/28, 7, 6, , , , , 
2016/12/29, 16, 7, , , , , 
2016/12/30, 8, 6, , , , , 
2016/12/31, 8, 3, , , , , 
2017/1/1, 7, 3, , , , , 
2017/1/2, 6, 6, , 1, , , 
2016/7/2, 6, 5, , , , , 
2016/7/3, 6, 4, , , , , 
2016/7/4, 6, 4, , , , , 
2016/7/5, 7, 3, , , , , 
2016/7/6, 5, 4, , , , , 
2016/7/7, 6, 9, , , , , 
2016/7/8, 9, 8, , , , , 
2016/7/9, 12, 3, , , , , 
2016/7/10, 7, 2, , , , , 
2016/7/11, 5, 5, , , , , 
2016/7/12, 7, 9, , , , , 
2016/7/13, 9, 9, , , , , 
2016/7/14, 8, 7, , , , , 
2016/7/15, 8, 5, , , , , 
2016/7/16, 9, 6, , , , , 
2016/7/17, 10, 3, , , , , 
2016/7/18, 6, 4, , , , , 
2016/7/19, 6, 6, , , , , 
2016/7/20, 9, 3, , , , , 
2016/7/21, 7, 3, , , , , 
2016/7/22, 5, 11, , , , , 
2016/7/23, 9, 8, , , , , 
2016/7/24, 7, 6, , , , , 
2016/7/25, 6, 11, , , , , 
2016/7/26, 9, 10, , , , , 
2016/7/27, 10, 11, , , , , 
2016/7/28, 11, 6, , , , , 
2016/7/29, 6, 6, , , , , 
2016/7/30, 9, 4, , , , , 
2016/7/31, 7, 7, , , , , 
2016/8/1, 8, 5, , , , , 
2016/8/2, 7, 7, , , , , 
2016/8/3, 7, 6, , , , , 
2016/8/4, 6, 5, , , , , 
2016/8/5, 6, 5, , , , , 
2016/8/6, 6, 5, , , , , 
2016/8/7, 9, 3, , , , , 
2016/8/8, 5, 5, , , , , 
2016/8/9, 6, 6, , , , , 
2016/8/10, 6, 9, , , , , 
2016/8/11, 9, 7, , , , , 
2016/8/12, 7, 6, , , , , 
2016/8/13, 6, 8, , , , , 
2016/8/14, 9, 7, , , , , 
2016/8/15, 8, 6, , , , , 
2016/8/16, 9, 5, , , , , 
2016/8/17, 5, 5, , , , , 
2016/8/18, 7, 8, , , , , 
2016/8/19, 7, 8, , , , , 
2016/8/20, 8, 9, , , , , 
2016/8/21, 7, 8, , , , , 
2016/8/22, 9, 7, , , , , 
2016/8/23, 9, 6, , , , , 
2016/8/24, 8, 4, , , , , 
2016/8/25, 6, 5, , , , , 
2016/8/26, 6, 6, , , , , 
2016/8/27, 7, 4, , , , , 
2016/8/28, 7, 3, , , , , 
2016/8/29, 4, 2, , , , , 
2016/8/30, 5, 4, , , , , 
2016/8/31, 6, 7, , , , , 
2016/9/1, 8, 4, , , , , 
2016/9/2, 6, 5, , , , , 
2016/9/3, 5, 6, , , , , 
2016/9/4, 9, 6, , , , , 
2016/9/5, 5, 6, , , , , 
2016/9/6, 7, 6, , , , , 
2016/9/7, 7, 4, , , , , 
2016/9/8, 5, 5, , , , , 
2016/9/9, 7, 6, , , , , 
2016/9/10, 7, 5, , , , , 
2016/9/11, 4, 4, , , , , 
2016/9/12, 6, 3, , , , , 
2016/9/13, 4, 3, , , , , 
2016/9/14, 3, 6, , , , , 
2016/9/15, 5, 6, , , , , 
2016/9/16, 6, 5, , , , , 
2016/9/17, 9, 2, , , , , 
2016/9/18, 9, 4, , , , , 
2016/9/19, 8, 4, , , , , 
2016/9/20, 16, 3, , , , , 
2016/9/21, 8, 6, , , , , 
2016/9/22, 10, 3, , , , , 
2016/9/23, 7, 3, , , , , 
2016/9/24, 4, 5, , , , , 
2016/9/25, 7, 5, , , , , 
2016/9/26, 7, 7, , , , , 
2016/9/27, 8, 8, , , , , 
2016/9/28, 6, 5, , , , , 
2016/9/29, 6, 11, , , , , 
2016/9/30, 10, 7, , , , , 
2016/10/1, 9, 5, , , , , 
2016/4/2, 7, 9, , , , , 
2016/4/3, 8, 9, , , , , 
2016/4/4, 6, 11, , , , , 
2016/4/5, 9, 9, , , , , 
2016/4/6, 7, 8, , , , , 
2016/4/7, 8, 5, , , , , 
2016/4/8, 6, 5, , , , , 
2016/4/9, 5, 3, , , , , 
2016/4/10, 6, 3, , , , , 
2016/4/11, 5, 4, , , , , 
2016/4/12, 4, 5, , , , , 
2016/4/13, 5, 4, , , , , 
2016/4/14, 5, 7, , , , , 
2016/4/15, 6, 7, , , , , 
2016/4/16, 7, 6, , , , , 
2016/4/17, 7, 5, , , , , 
2016/4/18, 6, 7, , , , , 
2016/4/19, 7, 8, , , , , 
2016/4/20, 8, 8, , , , , 
2016/4/21, 6, 5, , , , , 
2016/4/22, 6, 6, , , , , 
2016/4/23, 6, 4, , , , , 
2016/4/24, 6, 7, , , , , 
2016/4/25, 9, 7, , , , , 
2016/4/26, 7, 8, , , , , 
2016/4/27, 6, 22, , , , , 
2016/4/28, 8, 10, , , , , 
2016/4/29, 8, 7, , , , , 
2016/4/30, 9, 7, , , , , 
2016/5/1, 9, 8, , , , , 
2016/5/2, 8, 6, , , , , 
2016/5/3, 7, 9, , , , , 
2016/5/4, 7, 5, , , , , 
2016/5/5, 7, 7, , , , , 
2016/5/6, 8, 8, , , , , 
2016/5/7, 10, 8, , , , , 
2016/5/8, 10, 2, , , , , 
2016/5/9, 4, 6, , , , , 
2016/5/10, 7, 11, , , , , 
2016/5/11, 9, 7, , , , , 
2016/5/12, 7, 7, , , , , 
2016/5/13, 6, 9, , , , , 
2016/5/14, 7, 5, , , , , 
2016/5/15, 7, 6, , , , , 
2016/5/16, 8, 7, , , , , 
2016/5/17, 8, 19, , , , , 
2016/5/18, 12, 10, , , , , 
2016/5/19, 12, 9, , , , , 
2016/5/20, 6, 6, , , , , 
2016/5/21, 8, 7, , , , , 
2016/5/22, 7, 11, , , , , 
2016/5/23, 9, 9, , , , , 
2016/5/24, 7, 9, , , , , 
2016/5/25, 16, 3, , , , , 
2016/5/26, 6, 6, , , , , 
2016/5/27, 7, 6, , , , , 
2016/5/28, 6, 6, , , , , 
2016/5/29, 6, 4, , , , , 
2016/5/30, 6, 3, , , , , 
2016/5/31, 6, 3, , , , , 
2016/6/1, 4, 4, , , , , 
2016/6/2, 4, 4, , , , , 
2016/6/3, 9, 9, , , , , 
2016/6/4, 11, 8, , , , , 
2016/6/5, 11, 8, , , , , 
2016/6/6, 13, 7, , , , , 
2016/6/7, 8, 7, , , , , 
2016/6/8, 5, 3, , , , , 
2016/6/9, 7, 6, , , , , 
2016/6/10, 9, 7, , , , , 
2016/6/11, 8, 8, , , , , 
2016/6/12, 7, 6, , , , , 
2016/6/13, 10, 5, , , , , 
2016/6/14, 8, 6, , , , , 
2016/6/15, 8, 3, , , , , 
2016/6/16, 6, 3, , , , , 
2016/6/17, 5, 6, , , , , 
2016/6/18, 7, 5, , , , , 
2016/6/19, 5, 3, , , , , 
2016/6/20, 6, 6, , , , , 
2016/6/21, 8, 4, , , , , 
2016/6/22, 6, 9, , , , , 
2016/6/23, 7, 5, , , , , 
2016/6/24, 6, 8, , , , , 
2016/6/25, 7, 6, , , , , 
2016/6/26, 9, 4, , , , , 
2016/6/27, 8, 7, , , , , 
2016/6/28, 8, 7, , , , , 
2016/6/29, 9, 3, , , , , 
2016/6/30, 5, 6, , , , , 
2016/7/1, 7, 8, , , , , 
2016/1/5, 44, 19, , 32, , 1, 
2016/1/6, 40, 20, , 32, , 1, 
2016/1/7, 39, 17, , 23, , 1, 
2016/1/8, 27, 18, , 36, , , 
2016/1/9, 31, 19, , 31, , , 
2016/1/10, 31, 17, , 23, , , 
2016/1/11, 34, 16, , 42, , 2, 
2016/1/12, 28, 15, , 62, , 2, 
2016/1/13, 27, 24, , 54, , 3, 
2016/1/14, 40, 28, , 27, , 2, 
2016/1/15, 47, 19, , 15, , , 
2016/1/16, 31, 18, , 13, , 1, 
2016/1/17, 25, 17, , 21, , , 
2016/1/18, 28, 18, , 47, , 3, 
2016/1/19, 38, 19, , 46, , 3, 
2016/1/20, 33, 15, , 38, , 4, 
2016/1/21, 26, 18, , 51, , 3, 
2016/1/22, 38, 13, , , , 4, 
2016/1/23, 25, 5, , , , , 
2016/1/24, 4, 3, , , , , 
2016/1/25, 3, 4, , , , , 
2016/1/26, 5, 7, , , , , 
2016/1/27, 6, 10, , , , , 
2016/1/28, 12, 10, , , , , 
2016/1/29, 8, 8, , , , , 
2016/1/30, 7, 6, , , , , 
2016/1/31, 6, 5, , , , , 
2016/2/1, 5, 8, , , , , 
2016/2/2, 7, 6, , , , , 
2016/2/3, 5, 11, , , , , 
2016/2/4, 9, 9, , , , , 
2016/2/5, 6, 12, , , , , 
2016/2/6, 11, 12, , , , , 
2016/2/7, 13, 12, , , , , 
2016/2/8, 13, 8, , , , , 
2016/2/9, 7, 9, , , , , 
2016/2/10, 8, 6, , , , , 
2016/2/11, 6, 6, , , , , 
2016/2/12, 5, 12, , , , , 
2016/2/13, 11, 9, , , , , 
2016/2/14, 8, 8, , , , , 
2016/2/15, 5, 10, , , , , 
2016/2/16, 6, 8, , , , , 
2016/2/17, 8, 8, , , , , 
2016/2/18, 12, 4, , , , , 
2016/2/19, 5, 5, , , , , 
2016/2/20, 9, 7, , , , , 
2016/2/21, 9, 7, , , , , 
2016/2/22, 7, 11, , , , , 
2016/2/23, 5, 9, , , , , 
2016/2/24, 8, 4, , , , , 
2016/2/25, 4, 5, , , , , 
2016/2/26, 8, 9, , , , , 
2016/2/27, 8, 10, , , , , 
2016/2/28, 8, 7, , , , , 
2016/2/29, 8, 6, , , , , 
2016/3/1, 7, 13, , , , , 
2016/3/2, 9, 9, , , , , 
2016/3/3, 8, 9, , , , , 
2016/3/4, 8, 11, , , , , 
2016/3/5, 8, 10, , , , , 
2016/3/6, 10, 8, , , , , 
2016/3/7, 10, 7, , , , , 
2016/3/8, 9, 12, , , , , 
2016/3/9, 10, 11, , , , , 
2016/3/10, 11, 4, , , , 1, 
2016/3/11, 7, 5, , , , , 
2016/3/12, 7, 4, , , , , 
2016/3/13, 5, 5, , , , , 
2016/3/14, 7, 5, , , , , 
2016/3/15, 6, 7, , , , , 
2016/3/16, 6, 11, , , , , 
2016/3/17, 9, 6, , , , , 
2016/3/18, 7, 10, , , , , 
2016/3/19, 13, 4, , , , , 
2016/3/20, 6, 6, , , , , 
2016/3/21, 8, 5, , , , , 
2016/3/22, 5, 9, , , , , 
2016/3/23, 11, 5, , , , , 
2016/3/24, 5, 7, , , , , 
2016/3/25, 10, 5, , , , , 
2016/3/26, 6, 2, , , , , 
2016/3/27, 4, 5, , , , , 
2016/3/28, 5, 7, , , , , 
2016/3/29, 7, 4, , , , , 
2016/3/30, 7, 6, , , , , 
2016/3/31, 4, 6, , , , , 
2016/4/1, 6, 7, , , , , 
2015/10/2, 99, 36, , 500, , 36, 
2015/10/3, 96, 41, , 500, , 47, 
2015/10/4, 80, 38, , 500, , 34, 
2015/10/5, 71, 36, , 500, , 24, 
2015/10/6, 86, 40, , 500, , 18, 
2015/10/7, 89, 49, , 500, , 14, 
2015/10/8, 105, 47, , 500, , 29, 
2015/10/9, 105, 59, , 500, , 48, 
2015/10/10, 153, 56, , 500, , 55, 
2015/10/11, 148, 35, , 500, , 23, 
2015/10/12, 101, 33, , 500, , 11, 
2015/10/13, 102, 33, , 500, , 14, 
2015/10/14, 63, 40, , 500, , 32, 
2015/10/15, 71, 30, , 500, , 27, 
2015/10/16, 70, 41, , 500, , 49, 
2015/10/17, 83, 39, , 500, , 47, 
2015/10/18, 103, 30, , 500, , 15, 
2015/10/19, 89, 26, , 500, , 22, 
2015/10/20, 67, 28, , 500, , 36, 
2015/10/21, 80, 33, , 500, , 22, 
2015/10/22, 89, 35, , , , , 
2015/10/23, 90, 34, , 500, , 15, 
2015/10/24, 83, 28, , 500, , 27, 
2015/10/25, 85, 36, , 500, , 18, 
2015/10/26, 103, 45, , 500, , , 
2015/10/27, 114, 48, , 500, , 27, 
2015/10/28, 108, 48, , 500, , 36, 
2015/10/29, 130, 45, , 500, , 34, 
2015/10/30, 138, 53, , 500, , 27, 
2015/10/31, 133, 57, , 500, , 19, 
2015/11/1, 135, 44, , 500, , , 
2015/11/2, 108, 28, , 500, , 15, 
2015/11/3, 76, 22, , 500, , , 
2015/11/4, 55, 21, , 500, , 27, 
2015/11/5, 97, 29, , 500, , 33, 
2015/11/6, 152, 20, , 500, , 21, 
2015/11/7, 64, 31, , 500, , 24, 
2015/11/8, 95, 30, , 500, , 37, 
2015/11/9, 111, 31, , 500, , 27, 
2015/11/10, 129, 26, , 500, , 25, 
2015/11/11, 88, 28, , 500, , 21, 
2015/11/12, 92, 32, , 500, , 23, 
2015/11/13, 108, 28, , 500, , 21, 
2015/11/14, 85, 22, , 500, , 13, 
2015/11/15, 62, 24, , 500, , 12, 
2015/11/16, 60, 28, , 500, , 19, 
2015/11/17, 67, 32, , 500, , 27, 
2015/11/18, 81, 39, , 500, , 27, 
2015/11/19, 85, 49, , 500, , 32, 
2015/11/20, 134, 44, , 500, , 26, 
2015/11/21, 126, 34, , 500, , 12, 
2015/11/22, 86, 25, , 500, , , 
2015/11/23, 67, 20, , 500, , , 
2015/11/24, 57, 25, , 500, , 14, 
2015/11/25, 71, 41, , 500, , 20, 
2015/11/26, 70, 55, , 500, , 12, 
2015/11/27, 105, 37, , 500, , 14, 
2015/11/28, 83, 30, , 500, , 12, 
2015/11/29, 66, 20, , 500, , , 
2015/11/30, 67, 33, , 500, , 13, 
2015/12/1, 67, 47, , 500, , 12, 
2015/12/2, 94, 37, , 500, , , 
2015/12/3, 86, 35, , 500, , 14, 
2015/12/4, 78, 35, , 500, , , 
2015/12/5, 69, 33, , 500, , 22, 
2015/12/6, 68, 47, , 500, , 14, 
2015/12/7, 82, 55, , 500, , 23, 
2015/12/8, 89, 47, , 500, , , 
2015/12/9, 87, 40, , 500, , 21, 
2015/12/10, 83, 31, , 500, , , 
2015/12/11, 77, 36, , 500, , 12, 
2015/12/12, 84, 41, , 500, , , 
2015/12/13, 81, 35, , 500, , , 
2015/12/14, 74, 35, , 500, , 18, 
2015/12/15, 82, 36, , 500, , 28, 
2015/12/16, 80, 32, , 500, , 32, 
2015/12/17, 77, 41, , 500, , 30, 
2015/12/18, 105, 51, , 500, , 36, 
2015/12/19, 134, 57, , 500, , 32, 
2015/12/20, 137, 40, , 500, , 18, 
2015/12/21, 99, 42, , 500, , 13, 
2015/12/22, 104, 37, , 500, , 12, 
2015/12/23, 81, 38, , 500, , 18, 
2015/12/24, 86, 32, , 500, , 21, 
2015/12/25, 81, 31, , 500, , 17, 
2015/12/26, 83, 44, , 500, , 12, 
2015/12/27, 91, 36, , 500, , , 
2015/12/28, 79, 25, , 500, , , 
2015/12/29, 67, 30, , 500, , 14, 
2015/12/30, 67, 30, , 500, , 18, 
2015/12/31, 70, , , , , , 
2015/9/21, 63, 20, , 479, , , 
2015/9/22, 72, 32, , 500, , 11, 
2015/9/23, 76, 33, , 500, , 18, 
2015/9/24, 82, 32, , 500, , , 
2015/9/25, 72, 20, , 500, , , 
2015/9/26, 60, 14, , 500, , , 
2015/9/27, 67, 18, , 500, , , 
2015/9/28, 70, 19, , 500, , 27, 
2015/9/29, 82, 25, , 500, , 29, 
2015/9/30, 76, 34, , 500, , 18, 
2015/10/1, 67, 26, , 500, , 27, 
2021/4/10, , 20, , 3, , , 
2021/3/7, , 27, , 6, , 1, 
2020/7/2, , 16, , 7, , 1, 
2020/4/1, , 11, , 3, , , 
2020/1/1, , 30, , 3, , 1, 57
2020/3/16, , 12, , 4, , , 
2019/11/4, , 13, , , , , 
2019/11/28, , 9, , , , , 
2019/4/27, , 8, , , , , 
2019/6/24, , 4, , , , , 
2019/1/1, , 20, , , , , 
2018/10/11, , 8, , , , , 
2018/1/1, , 4, , , , , 
2017/9/11, , 11, , , , , 
2017/1/30, , 13, , 10, , 2, 
2016/10/19, , 7, , , , , 
2016/1/4, , 23, , 22, , 1, 
2015/7/2, , 28, , 500, , 51, 
2015/7/3, , 30, , 500, , 53, 
2015/7/4, , 49, , 500, , 60, 
2015/7/5, , 42, , 500, , 49, 
2015/7/6, , 27, , 500, , 49, 
2015/7/7, , 19, , 500, , 31, 
2015/7/8, , 19, , 500, , 41, 
2015/7/9, , 27, , 500, , 65, 
2015/7/10, , 22, , 500, , 47, 
2015/7/11, , 20, , 500, , 45, 
2015/7/12, , 29, , 500, , 24, 
2015/7/13, , 38, , 500, , 9, 
2015/7/14, , 26, , 500, , 21, 
2015/7/15, , 22, , 500, , 20, 
2015/7/16, , 40, , 500, , 28, 
2015/7/17, , 23, , 500, , 27, 
2015/7/18, , 24, , 500, , 32, 
2015/7/19, , 25, , 500, , 42, 
2015/7/20, , 27, , 500, , 30, 
2015/7/21, , 22, , 500, , 30, 
2015/7/22, , 17, , , , 18, 
2015/7/23, , 21, , 500, , 34, 
2015/7/24, , 33, , 500, , 43, 
2015/7/25, , 20, , 500, , 27, 
2015/7/26, , 39, , 500, , 27, 
2015/7/27, , 39, , 500, , 11, 
2015/7/28, , 30, , 500, , 23, 
2015/7/29, , 20, , 500, , 39, 
2015/7/30, , 23, , 500, , 41, 
2015/7/31, , 18, , 500, , 33, 
2015/8/1, , 26, , 500, , 46, 
2015/8/2, , 26, , 500, , 49, 
2015/8/3, , 30, , 500, , 36, 
2015/8/4, , 30, , 500, , 15, 
2015/8/5, , 25, , 500, , 32, 
2015/8/6, , 23, , 500, , 31, 
2015/8/7, , 22, , 500, , 27, 
2015/8/8, , 19, , 500, , 39, 
2015/8/9, , 23, , 500, , 45, 
2015/8/10, , 19, , 500, , 31, 
2015/8/11, , 28, , 500, , 14, 
2015/8/12, , 31, , 500, , 27, 
2015/8/13, , 31, , 500, , 18, 
2015/8/14, , 33, , 500, , 20, 
2015/8/15, , 13, , 500, , 36, 
2015/8/16, , 18, , 500, , 48, 
2015/8/17, , 20, , 500, , 40, 
2015/8/18, , 23, , 500, , 39, 
2015/8/19, , 24, , 500, , 27, 
2015/8/20, , 14, , 500, , 25, 
2015/8/21, , 13, , 500, , , 
2015/8/22, , 18, , 500, , 32, 
2015/8/23, , 29, , 500, , 27, 
2015/8/24, , 29, , 500, , 42, 
2015/8/25, , 21, , 500, , 21, 
2015/8/26, , 26, , 500, , , 
2015/8/27, , 24, , 500, , 29, 
2015/8/28, , 26, , , , 38, 
2015/8/29, , 24, , 500, , 30, 
2015/8/30, , 21, , 500, , 40, 
2015/8/31, , 18, , 500, , 18, 
2015/9/1, , 18, , 500, , 27, 
2015/9/2, , 22, , 500, , 30, 
2015/9/3, , 18, , 500, , , 
2015/9/4, , 18, , 500, , 25, 
2015/9/5, , 26, , 500, , 27, 
2015/9/6, , 19, , 500, , 22, 
2015/9/7, , 22, , 500, , 30, 
2015/9/8, , 40, , 500, , 12, 
2015/9/9, , 25, , 500, , 18, 
2015/9/10, , 15, , 500, , , 
2015/9/11, , 18, , , , , 
2015/9/12, , 19, , 500, , 34, 
2015/9/13, , 22, , 500, , , 
2015/9/14, , 18, , 500, , 27, 
2015/9/15, , 20, , 500, , 14, 
2015/9/16, , 45, , 500, , 15, 
2015/9/17, , 28, , 500, , 27, 
2015/9/18, , 21, , 500, , , 
2015/9/19, , 19, , 500, , 22, 
2015/9/20, , 19, , 500, 500, , 
2015/4/2, , 61, , 500, , 21, 
2015/4/3, , 56, , 500, , 12, 
2015/4/4, , 50, , 500, , 18, 
2015/4/5, , 60, , 500, , 18, 
2015/4/6, , 35, , 500, , , 
2015/4/7, , 13, , 500, , 9, 
2015/4/8, , 23, , 500, , 18, 
2015/4/9, , 20, , 500, , 9, 
2015/4/10, , 16, , 500, , 46, 
2015/4/11, , 29, , 500, , 59, 
2015/4/12, , 35, , 500, , 41, 
2015/4/13, , 33, , 500, , 38, 
2015/4/14, , 31, , 500, , 36, 
2015/4/15, , 35, , 500, , 45, 
2015/4/16, , 24, , 500, , 39, 
2015/4/17, , 23, , 500, , 38, 
2015/4/18, , 12, , 500, , 36, 
2015/4/19, , 15, , 500, , 18, 
2015/4/20, , 33, , 500, , , 
2015/4/21, , 33, , 500, , 24, 
2015/4/22, , 23, , 500, , 36, 
2015/4/23, , 33, , 500, , 49, 
2015/4/24, , 40, , 500, , 49, 
2015/4/25, , 45, , 500, , 22, 
2015/4/26, , 24, , 500, , 23, 
2015/4/27, , 23, , 500, , 24, 
2015/4/28, , 20, , 500, , 31, 
2015/4/29, , 18, , 500, , , 
2015/4/30, , 17, , 500, , , 
2015/5/1, , 18, , , , , 
2015/5/2, , 26, , , , , 
2015/5/7, , 41, , 500, , 18, 
2015/5/9, , 28, , 500, , 36, 
2015/5/10, , 17, , 500, , 18, 
2015/5/11, , 27, , 500, , 13, 
2015/5/12, , 24, , , , 9, 
2015/5/13, , 28, , 500, , 20, 
2015/5/14, , 37, , 500, , 44, 
2015/5/15, , 34, , 500, , 40, 
2015/5/16, , 22, , 500, , 34, 
2015/5/17, , 14, , , , , 
2015/5/18, , 23, , 500, , , 
2015/5/19, , 23, , 500, , 19, 
2015/5/20, , 14, , , , 18, 
2015/5/21, , 27, , 500, , 27, 
2015/5/22, , 26, , 500, , 40, 
2015/5/23, , 21, , 500, , 48, 
2015/5/24, , 31, , 500, , 36, 
2015/5/25, , 28, , 500, , 44, 
2015/5/26, , 24, , 500, , 50, 
2015/5/27, , 22, , 500, , 51, 
2015/5/28, , 24, , 500, , 38, 
2015/5/29, , 25, , 500, , , 
2015/5/30, , 30, , 500, , 36, 
2015/5/31, , 26, , 500, , 27, 
2015/6/1, , 18, , 500, , 27, 
2015/6/2, , 32, , 500, , 25, 
2015/6/3, , 24, , , , 44, 
2015/6/4, , 21, , 500, , 44, 
2015/6/5, , 30, , 500, , 31, 
2015/6/6, , 54, , 500, , 53, 
2015/6/7, , 53, , 500, , 33, 
2015/6/8, , 31, , 500, , 11, 
2015/6/9, , 22, , 500, , 22, 
2015/6/10, , 29, , 500, , 27, 
2015/6/11, , 31, , 500, , 33, 
2015/6/12, , 29, , 500, , 65, 
2015/6/13, , 30, , 500, , 102, 
2015/6/14, , 34, , 500, , 49, 
2015/6/15, , 20, , 500, , 43, 
2015/6/16, , 16, , 500, , 47, 
2015/6/17, , 21, , 500, , 50, 
2015/6/18, , 29, , 500, , 36, 
2015/6/19, , 27, , 500, , 24, 
2015/6/20, , 29, , 500, , 30, 
2015/6/24, , 15, , 500, , 170, 
2015/6/25, , 19, , 500, , 52, 
2015/6/26, , 27, , 500, , 84, 
2015/6/27, , 28, , 500, , 69, 
2015/6/28, , 34, , 500, , 75, 
2015/6/29, , 34, , 500, , 53, 
2015/6/30, , 24, , 500, , 63, 
2015/7/1, , 25, , , , 70, 
2015/1/2, , 30, , 500, , 9, 
2015/1/3, , 25, , 500, , 40, 
2015/1/4, , 45, , 500, , 35, 
2015/1/5, , 34, , 500, , 18, 
2015/1/6, , 38, , 500, , 27, 
2015/1/7, , 42, , 500, , 45, 
2015/1/8, , 35, , 500, , 45, 
2015/1/9, , 26, , 500, , 31, 
2015/1/10, , 20, , 500, , , 
2015/1/11, , 15, , 500, , 22, 
2015/1/12, , 13, , 500, , 44, 
2015/1/13, , 17, , 500, , 52, 
2015/1/14, , 20, , , , 35, 
2015/1/15, , 36, , 500, , , 
2015/1/16, , 22, , 500, , 32, 
2015/1/17, , 12, , 500, , 26, 
2015/1/18, , 24, , 500, , 22, 
2015/1/19, , 31, , 500, , 23, 
2015/1/20, , 28, , 500, , , 
2015/1/21, , 27, , 500, , 32, 
2015/1/22, , 23, , 500, , 36, 
2015/1/23, , 18, , 500, , 39, 
2015/1/24, , 30, , 500, , 30, 
2015/1/25, , 27, , 500, , 21, 
2015/1/26, , 35, , , , , 
2015/1/27, , 23, , 500, , 23, 
2015/1/28, , 22, , 500, , , 
2015/1/29, , 20, , 500, , 21, 
2015/1/30, , 32, , 500, , 23, 
2015/1/31, , 30, , 500, , 21, 
2015/2/1, , 26, , 500, , , 
2015/2/2, , 16, , 500, , 23, 
2015/2/3, , 19, , 500, , , 
2015/2/4, , 27, , 500, , , 
2015/2/5, , 29, , 500, , , 
2015/2/6, , 40, , 500, , 53, 
2015/2/7, , 46, , 500, , 51, 
2015/2/8, , 32, , 500, , 31, 
2015/2/9, , 35, , 500, , 27, 
2015/2/10, , 32, , 500, , 31, 
2015/2/11, , 38, , 500, , 41, 
2015/2/12, , 31, , 500, , 44, 
2015/2/13, , 32, , 500, , 54, 
2015/2/14, , 50, , 500, , 42, 
2015/2/15, , 43, , 500, , , 
2015/2/16, , 39, , 500, , 30, 
2015/2/17, , 51, , 500, , , 
2015/2/18, , 33, , 500, , 31, 
2015/2/19, , 34, , 500, , 45, 
2015/2/20, , 38, , 500, , 51, 
2015/2/21, , 41, , 500, , 43, 
2015/2/22, , 36, , 500, , 41, 
2015/2/23, , 36, , 500, , 31, 
2015/2/24, , 37, , 500, , 21, 
2015/2/25, , 48, , 500, , 27, 
2015/2/26, , 40, , 500, , 41, 
2015/2/27, , 46, , 500, , 49, 
2015/2/28, , 38, , 500, , 39, 
2015/3/1, , 30, , 500, , 21, 
2015/3/2, , 35, , 500, , 23, 
2015/3/3, , 32, , 500, , , 
2015/3/4, , 34, , 500, , , 
2015/3/5, , 29, , 500, , 18, 
2015/3/6, , 39, , 500, , 118, 
2015/3/7, , 48, , 500, , 150, 
2015/3/8, , 36, , 500, , 74, 
2015/3/9, , 19, , 500, , 53, 
2015/3/10, , 16, , 500, , 46, 
2015/3/11, , 27, , 500, , 36, 
2015/3/12, , 31, , 500, , 40, 
2015/3/13, , 31, , 500, , 36, 
2015/3/14, , 34, , 500, , 38, 
2015/3/15, , 36, , 500, , 26, 
2015/3/16, , 28, , 500, , 27, 
2015/3/17, , 32, , 500, , 32, 
2015/3/18, , 41, , 500, , 31, 
2015/3/19, , 40, , 500, , 30, 
2015/3/20, , 41, , , , 24, 
2015/3/21, , 54, , 500, , 14, 
2015/3/22, , 43, , 500, , 18, 
2015/3/23, , 34, , , , 27, 
2015/3/24, , 41, , 500, , 18, 
2015/3/25, , 32, , 500, , 23, 
2015/3/26, , 27, , 500, , 18, 
2015/3/27, , 35, , 500, , 23, 
2015/3/28, , 29, , 500, , 22, 
2015/3/29, , 20, , , , , 
2015/3/30, , 29, , 500, , , 
2015/3/31, , 29, , 500, , 36, 
2015/4/1, , 33, , 500, , 33, 
2014/10/2, , 48, , 500, , 18, 
2014/10/3, , 34, , 500, , 27, 
2014/10/4, , 26, , 500, , 25, 
2014/10/5, , 34, , 500, , 32, 
2014/10/6, , 30, , 500, , 26, 
2014/10/7, , 44, , 500, , 9, 
2014/10/8, , 56, , 500, , 22, 
2014/10/9, , 32, , 500, , 22, 
2014/10/10, , 32, , 500, , 31, 
2014/10/11, , 29, , 500, , 18, 
2014/10/12, , 27, , 500, , 24, 
2014/10/13, , 31, , 500, , 12, 
2014/10/14, , 39, , 500, , 18, 
2014/10/15, , 30, , 500, , , 
2014/10/16, , 17, , 500, , 31, 
2014/10/17, , 15, , 500, , 23, 
2014/10/18, , 27, , 500, , 21, 
2014/10/19, , 28, , 500, , 20, 
2014/10/20, , 22, , 500, , 27, 
2014/10/21, , 32, , 500, , 27, 
2014/10/22, , 36, , 500, , 49, 
2014/10/23, , 38, , 500, , 33, 
2014/10/24, , 36, , 500, , 33, 
2014/10/25, , 41, , 500, , 37, 
2014/10/26, , 32, , 500, , 24, 
2014/10/27, , 24, , 500, , 13, 
2014/10/28, , 33, , , , 18, 
2014/10/29, , 28, , 500, , , 
2014/10/30, , 21, , 500, , 27, 
2014/10/31, , 26, , 500, , 32, 
2014/11/1, , 36, , 500, , 13, 
2014/11/2, , 42, , 500, , , 
2014/11/3, , 31, , 500, , 22, 
2014/11/4, , 26, , 500, , 18, 
2014/11/5, , 32, , 500, , , 
2014/11/6, , 45, , 500, , , 
2014/11/7, , 29, , 500, , 27, 
2014/11/8, , 30, , 500, , 25, 
2014/11/9, , 38, , 500, , 18, 
2014/11/10, , 31, , 500, , 18, 
2014/11/11, , 27, , 500, , 24, 
2014/11/12, , 31, , , , 36, 
2014/11/13, , 44, , 500, , 23, 
2014/11/14, , 30, , 500, , 29, 
2014/11/15, , 37, , 500, , 24, 
2014/11/16, , 35, , 500, , 13, 
2014/11/17, , 24, , 500, , , 
2014/11/18, , 14, , 500, , 18, 
2014/11/19, , 20, , 500, , 27, 
2014/11/20, , 31, , 500, , 40, 
2014/11/21, , 25, , 500, , 25, 
2014/11/22, , 31, , 500, , 39, 
2014/11/23, , 18, , 500, , 24, 
2014/11/24, , 27, , 500, , 9, 
2014/11/25, , 24, , 500, , 15, 
2014/11/26, , 33, , 500, , 14, 
2014/11/27, , 21, , 500, , , 
2014/11/28, , 17, , 500, , 37, 
2014/11/29, , 27, , 500, , 27, 
2014/11/30, , 31, , 500, , 18, 
2014/12/1, , 25, , 500, , , 
2014/12/2, , 26, , 500, , 31, 
2014/12/3, , 26, , 500, , 33, 
2014/12/4, , 29, , 500, , 18, 
2014/12/5, , 31, , , , , 
2014/12/6, , 21, , 500, , , 
2014/12/7, , 14, , 500, , 18, 
2014/12/8, , 16, , 500, , , 
2014/12/9, , 20, , 500, , 27, 
2014/12/10, , 24, , , , 32, 
2014/12/11, , 29, , 500, , 21, 
2014/12/12, , 30, , 500, , , 
2014/12/13, , 31, , 500, , 11, 
2014/12/14, , 27, , 500, , 29, 
2014/12/15, , 23, , 500, , 18, 
2014/12/16, , 31, , 500, , , 
2014/12/17, , 30, , 500, , 9, 
2014/12/18, , 40, , 500, , 13, 
2014/12/19, , 28, , 500, , 13, 
2014/12/20, , 38, , , , , 
2014/9/7, , 19, , 500, , 11, 
2014/9/8, , 14, , 500, , 18, 
2014/9/9, , 13, , 500, , 27, 
2014/9/10, , 36, , 500, , 24, 
2014/9/11, , 48, , 500, , 18, 
2014/9/12, , 41, , 500, , , 
2014/9/13, , 45, , 500, , 36, 
2014/9/14, , 38, , 500, , 36, 
2014/9/15, , 28, , 500, , 22, 
2014/9/16, , 32, , 500, , , 
2014/9/17, , 33, , , , , 
2014/9/18, , 29, , 500, , 27, 
2014/9/19, , 28, , 500, , 27, 
2014/9/20, , 18, , 500, , 18, 
2014/9/21, , 18, , 500, , 27, 
2014/9/22, , 14, , 500, , 20, 
2014/9/23, , 16, , 500, , 23, 
2014/9/24, , 15, , 500, , , 
2014/9/25, , 15, , 500, , 25, 
2014/9/26, , 29, , 500, , 24, 
2014/9/27, , 21, , 500, , 27, 
2014/9/28, , 23, , 500, , 9, 
2014/9/29, , 40, , 500, , 21, 
2014/9/30, , 52, , 500, , 20, 
2014/10/1, , 40, , 500, , 9, 
2015/5/6, , , , 500, , 9, 
2015/5/8, , , , 500, , 27, 
2015/6/22, , , , 500, , 53, 
2015/6/23, , , , 500, , 88, 
2015/1/1, , , , 500, , 18, 
2014/9/6, , , , 500, , 19, 